MODELLO,LAYER,Baseline_Vanilla (S_base - V_base),AA_Overshooting (S_AA - S_base),AA_Forza (S_AA - V_base),AA_Confine (S_AA - V_AA),PI_Overshooting (S_PI - S_base),PI_Forza (S_PI - V_base),PI_Confine (S_PI - V_PI),AP_Overshooting (S_AP - S_base),AP_Forza (S_AP - V_base),AP_Confine (S_AP - V_AP),Steering_Overshooting (S_Steering - S_base),Steering_Forza (S_Steering - V_base),Steering_Confine (S_Steering - V_Steering),AA (S_base - V_AA),AA (V_base - V_AA),PI (S_base - V_PI),PI (V_base - V_PI),AP (S_base - V_AP),AP (V_base - V_AP),Sbase-Vsteering (S_base - V_Steering),Steering_Overshooting (V_base - V_Steering)
Qwen/Qwen2.5-7B-Instruct,0,0.2062,0.6206,0.512,0.2443,0.4817,0.518,0.4675,1.509,1.589,0.2338,0.2062,0,,0.6846,0.5825,0.7114,0.8115,1.515,1.588,,
Qwen/Qwen2.5-7B-Instruct,1,0.2686,0.884,0.723,0.3242,0.731,0.7583,0.6484,1.631,1.695,0.2795,0.2686,0,,0.9126,0.7563,0.9766,1.103,1.651,1.701,,
Qwen/Qwen2.5-7B-Instruct,2,0.353,1.174,0.9727,0.4658,1.546,1.502,0.846,2.367,2.408,0.3257,0.353,0,,1.235,1.071,1.708,1.743,2.375,2.398,,
Qwen/Qwen2.5-7B-Instruct,3,0.4128,1.505,1.273,0.6206,2.348,2.256,0.9976,3.008,3.002,0.3745,0.4128,0,,1.579,1.393,2.494,2.465,2.998,2.979,,
Qwen/Qwen2.5-7B-Instruct,4,0.454,1.767,1.482,0.698,2.912,2.76,1.176,3.63,3.55,0.4224,0.454,0,,1.826,1.595,2.852,2.773,3.666,3.57,,
Qwen/Qwen2.5-7B-Instruct,5,0.5137,2.193,1.874,0.8623,3.334,3.17,1.445,4.332,4.25,0.571,0.5137,0,,2.281,2.02,3.23,3.15,4.375,4.27,,
Qwen/Qwen2.5-7B-Instruct,6,0.5464,2.404,2.064,0.932,3.537,3.309,1.658,4.19,4.062,0.6187,0.5464,0,,2.414,2.14,3.367,3.23,4.32,4.16,,
Qwen/Qwen2.5-7B-Instruct,7,0.573,2.549,2.2,1.026,3.521,3.264,1.848,4.28,4.13,0.689,0.573,0,,2.523,2.244,3.43,3.262,4.47,4.29,,
Qwen/Qwen2.5-7B-Instruct,8,0.662,2.877,2.508,1.244,3.9,3.629,2.059,4.55,4.39,0.8955,0.662,0,,2.875,2.582,3.82,3.64,4.832,4.625,,
Qwen/Qwen2.5-7B-Instruct,9,0.709,3.021,2.566,1.307,4.316,4.04,2.166,4.566,4.355,0.8804,0.709,0,,2.844,2.504,4.285,4.11,4.87,4.62,,
Qwen/Qwen2.5-7B-Instruct,10,0.7227,3.361,2.893,1.435,4.355,4.035,2.268,4.902,4.668,0.886,0.7227,0,,3.164,2.824,4.406,4.203,5.242,4.977,,
Qwen/Qwen2.5-7B-Instruct,11,0.837,3.691,3.152,1.6,4.67,4.36,2.273,5.11,4.88,0.9043,0.837,0,,3.494,3.113,4.78,4.562,5.49,5.223,,
Qwen/Qwen2.5-7B-Instruct,12,0.8174,3.777,3.248,1.599,4.79,4.46,2.26,4.945,4.723,0.874,0.8174,0,,3.49,3.117,4.945,4.684,5.285,5.03,,
Qwen/Qwen2.5-7B-Instruct,13,1.031,4.41,3.734,1.715,5.844,5.484,2.678,5.523,5.117,1.078,1.031,0,,4.195,3.668,5.95,5.645,5.926,5.457,,
Qwen/Qwen2.5-7B-Instruct,14,1.107,4.85,4.08,1.815,7.02,6.66,2.756,5.78,5.305,1.285,1.107,0,,4.598,3.97,6.953,6.652,6.305,5.75,,
Qwen/Qwen2.5-7B-Instruct,15,1.094,4.844,4.113,1.775,8.61,8.336,2.838,5.64,5.176,1.341,1.094,0,,4.63,4.03,8.555,8.32,6.125,5.58,,
Qwen/Qwen2.5-7B-Instruct,16,1.154,5.023,4.258,1.866,9.79,9.51,3.11,6.15,5.64,1.463,1.154,0,,4.76,4.133,9.64,9.41,6.598,6.004,,
Qwen/Qwen2.5-7B-Instruct,17,1.357,6.01,5.176,2.223,11.87,11.58,3.316,6.89,6.39,1.557,1.357,0,,5.562,4.86,11.766,11.516,7.285,6.664,,
Qwen/Qwen2.5-7B-Instruct,18,2.764,8.23,6.977,3.371,16.73,16.31,4.67,7.797,7.02,2.434,2.764,0,,8.19,6.727,16.3,15.74,8.71,7.402,,
Qwen/Qwen2.5-7B-Instruct,19,4.473,10.4,9.03,4.5,23.62,23.39,6.418,10.03,9.19,3.395,23.7,27.62,,10.375,8.24,22.77,22.28,11.29,9.3,,
Qwen/Qwen2.5-7B-Instruct,20,5.523,12.74,11.16,5.664,30.03,29.5,8.305,12.02,11,4.105,23.86,28.14,,12.58,10.08,28.8,27.94,13.7,11.24,,
Qwen/Qwen2.5-7B-Instruct,21,5.605,12.85,11.24,5.793,29.53,28.98,8.54,12.26,11.21,4.145,24.08,28.33,,12.69,10.16,28.28,27.38,13.98,11.52,,
Qwen/Qwen2.5-7B-Instruct,22,6.582,14.45,12.516,6.527,36.12,35.53,10.71,13.74,12.82,4.74,26.2,31.17,,14.29,11.24,34.47,33.44,15.58,12.88,,
Qwen/Qwen2.5-7B-Instruct,23,7.11,16.19,13.93,7.145,38.88,38.22,11.734,15.46,14.414,5.215,28.6,33.72,,15.85,12.51,37.16,36.06,17.4,14.51,,
Qwen/Qwen2.5-7B-Instruct,24,7.93,18.42,15.74,8.35,43.44,42.6,13.22,17.58,16.22,5.945,30.42,36.03,,17.7,13.84,41.7,40.44,19.97,16.61,,
Qwen/Qwen2.5-7B-Instruct,25,9.69,21.77,18.44,9.805,50.8,49.62,16.02,22,19.84,7.184,34.03,40.3,,21.31,16.92,49.47,47.84,24.7,20.31,,
Qwen/Qwen2.5-7B-Instruct,26,11.266,26.62,22.77,11.51,63.03,62.25,20.53,28.44,25.89,8.64,39.2,46.7,,26.48,21.61,63.06,61.8,31.08,26.16,,
Qwen/Qwen2.5-7B-Instruct,27,9.125,22.11,19.02,9.29,49.72,50.78,17.61,24.61,23.4,9.375,28.73,35.06,,21.95,18.05,48.66,49.22,26.02,22.52,,
Qwen/Qwen2.5-Coder-7B-Instruct,0,0.2917,1.092,0.9014,0.3965,1.068,0.9697,0.2411,1.977,1.952,0.2289,0.2917,0,,1.246,1.023,1.013,0.9175,1.932,1.9,,
Qwen/Qwen2.5-Coder-7B-Instruct,1,0.3506,1.433,1.2,0.4722,1.285,1.171,0.298,2.137,2.117,0.2773,0.3506,0,,1.632,1.373,1.204,1.094,2.117,2.092,,
Qwen/Qwen2.5-Coder-7B-Instruct,2,0.4429,1.893,1.673,0.6504,1.805,1.722,0.4583,2.986,2.947,0.404,0.4429,0,,2.195,1.965,1.74,1.644,2.979,2.932,,
Qwen/Qwen2.5-Coder-7B-Instruct,3,0.5146,2.363,2.117,0.8022,2.447,2.346,0.553,3.533,3.46,0.501,0.5146,0,,2.725,2.467,2.363,2.254,3.592,3.504,,
Qwen/Qwen2.5-Coder-7B-Instruct,4,0.5703,2.533,2.287,0.883,3,2.848,0.6973,4.04,3.94,0.5547,0.5703,0,,2.922,2.662,2.992,2.828,4.117,4,,
Qwen/Qwen2.5-Coder-7B-Instruct,5,0.706,3.1,2.777,1.093,3.732,3.502,0.8774,5.215,5.06,0.6953,0.706,0,,3.62,3.281,3.703,3.457,5.3,5.12,,
Qwen/Qwen2.5-Coder-7B-Instruct,6,0.7124,3.398,3.102,1.135,3.955,3.723,0.9497,5.453,5.273,0.7793,0.7124,0,,3.926,3.623,3.846,3.604,5.598,5.4,,
Qwen/Qwen2.5-Coder-7B-Instruct,7,0.813,3.768,3.404,1.235,4.617,4.305,1.141,6.074,5.78,0.932,0.813,0,,4.234,3.883,4.453,4.12,6.33,6.02,,
Qwen/Qwen2.5-Coder-7B-Instruct,8,0.9956,3.967,3.535,1.328,4.65,4.348,1.455,6.184,5.816,1.034,0.9956,0,,4.438,4.027,4.62,4.227,6.516,6.13,,
Qwen/Qwen2.5-Coder-7B-Instruct,9,1.082,4.273,3.764,1.278,5.496,5.086,1.55,6.695,6.207,1.1455,1.082,0,,4.73,4.242,5.414,4.95,7.184,6.66,,
Qwen/Qwen2.5-Coder-7B-Instruct,10,1.131,4.543,3.965,1.288,5.754,5.266,1.545,6.81,6.27,1.126,1.131,0,,5.03,4.5,5.664,5.117,7.305,6.74,,
Qwen/Qwen2.5-Coder-7B-Instruct,11,1.182,4.777,4.152,1.279,6.316,5.773,1.499,7.195,6.613,1.191,1.182,0,,5.215,4.63,6.105,5.527,7.688,7.066,,
Qwen/Qwen2.5-Coder-7B-Instruct,12,1.1455,4.67,4.055,1.217,7.09,6.504,1.43,7.074,6.49,1.192,1.1455,0,,5.004,4.434,6.86,6.246,7.582,6.957,,
Qwen/Qwen2.5-Coder-7B-Instruct,13,1.224,5.082,4.426,1.329,9.11,8.49,1.653,7.754,7.125,1.272,1.224,0,,5.35,4.773,8.8,8.15,8.34,7.676,,
Qwen/Qwen2.5-Coder-7B-Instruct,14,1.385,6.023,5.324,1.417,10.61,9.984,1.931,8.73,8.07,1.413,1.385,0,,6.215,5.57,10.29,9.59,9.32,8.625,,
Qwen/Qwen2.5-Coder-7B-Instruct,15,1.432,6.42,5.715,1.492,11.836,11.24,2.146,8.97,8.35,1.523,1.432,0,,6.605,5.95,11.34,10.664,9.58,8.9,,
Qwen/Qwen2.5-Coder-7B-Instruct,16,1.557,6.73,5.938,1.676,15.32,14.69,2.434,9.586,8.88,1.66,1.557,0,,6.875,6.145,14.805,14.1,10.26,9.48,,
Qwen/Qwen2.5-Coder-7B-Instruct,17,2.043,7.867,6.926,2.117,21.44,20.9,3.184,11.04,10.31,2.121,2.043,0,,8.055,7.156,20.75,20.11,11.836,10.945,,
Qwen/Qwen2.5-Coder-7B-Instruct,18,4.42,12.6,11.17,3.643,25.02,25.06,4.895,12.93,12.74,5.93,4.42,0,,12.64,10.65,23.97,23.61,14.52,12.9,,
Qwen/Qwen2.5-Coder-7B-Instruct,19,6.19,14.02,12.28,4.273,31.52,32.4,6.848,13.695,14.1,7.992,34.47,40.28,,14.74,11.89,29.16,29.53,15.97,13.69,,
Qwen/Qwen2.5-Coder-7B-Instruct,20,9.46,19.53,17.34,6.176,37.03,38.72,8.53,17.22,16.81,11.25,32.72,40,,20.27,16.34,34.6,35.62,22.28,17.78,,
Qwen/Qwen2.5-Coder-7B-Instruct,21,10.15,21.31,18.67,6.55,38.47,40.22,9.37,18.5,18.14,11.9,33.38,41.25,,22.23,17.88,35.7,36.72,23.81,19.16,,
Qwen/Qwen2.5-Coder-7B-Instruct,22,11.055,23.3,20.14,6.984,43.44,45.34,10.42,20.1,19.89,12.99,35.06,43.7,,24.39,19.45,41.2,42.34,25.81,20.81,,
Qwen/Qwen2.5-Coder-7B-Instruct,23,12.234,25.48,22.02,7.473,45.22,47.4,11.59,22.06,22.17,14.25,36.53,45.88,,26.64,21.25,43.12,44.44,27.98,22.66,,
Qwen/Qwen2.5-Coder-7B-Instruct,24,14.055,29.06,25.16,8.586,50.1,52.3,13.41,24.9,25.1,16.12,39,49.5,,30.55,24.38,47.97,49.2,31.64,25.48,,
Qwen/Qwen2.5-Coder-7B-Instruct,25,16.62,35.06,30.1,10.28,60.66,62.56,15.984,30.14,29.77,18.31,41.72,53.66,,36.9,29.64,57.8,58.75,37.66,30.28,,
Qwen/Qwen2.5-Coder-7B-Instruct,26,19.5,45.38,39.84,13.23,81.1,82.75,19.7,39.56,39.2,21.08,45.72,59.12,,47.38,39.5,78.1,78.75,47.44,39.94,,
Qwen/Qwen2.5-Coder-7B-Instruct,27,5.727,13.46,11.625,3.863,25.36,25.53,5.754,12.25,11.78,5.652,12.87,16.77,,14.15,11.69,24.36,24.27,14.414,12.12,,
meta-llama/Llama-3.1-8B-Instruct,0,0.0375,0.0987,0.09094,0.05438,0.10876,0.10443,0.01985,,,,0.0399,0.003767,0.02588,0.0896,0.06866,0.1108,0.1012,0.129,0.1288,0.03802,0.02249
meta-llama/Llama-3.1-8B-Instruct,1,0.05722,0.134,0.1189,0.0773,0.1833,0.1776,0.02957,,,,0.06076,0.005375,0.03574,0.1294,0.0937,0.1864,0.1733,0.1866,0.1818,0.05692,0.03102
meta-llama/Llama-3.1-8B-Instruct,2,0.0918,0.2019,0.1676,0.12256,0.2634,0.2542,0.04953,,,,0.0965,0.007866,0.05295,0.2103,0.1459,0.2717,0.2487,0.3179,0.297,0.09503,0.04614
meta-llama/Llama-3.1-8B-Instruct,3,0.1464,0.3145,0.2435,0.176,0.398,0.3855,0.0748,,,,0.1516,0.0108,0.07495,0.3313,0.2203,0.4119,0.3772,0.4648,0.425,0.1614,0.06604
meta-llama/Llama-3.1-8B-Instruct,4,0.1941,0.4165,0.3176,0.254,0.553,0.513,0.1085,,,,0.2001,0.01398,0.10095,0.4521,0.3076,0.5845,0.517,0.613,0.541,0.2175,0.0891
meta-llama/Llama-3.1-8B-Instruct,5,0.2415,0.509,0.3757,0.3076,0.663,0.6084,0.143,,,,0.2491,0.01703,0.11993,0.545,0.3623,0.703,0.6133,0.756,0.644,0.261,0.1055
meta-llama/Llama-3.1-8B-Instruct,6,0.272,0.5757,0.406,0.324,0.679,0.6016,0.169,,,,0.2817,0.01828,0.1175,0.623,0.4072,0.733,0.6104,0.8223,0.6763,0.283,0.10284
meta-llama/Llama-3.1-8B-Instruct,7,0.3418,0.6914,0.4722,0.3916,0.845,0.715,0.219,,,,0.3533,0.0209,0.1335,0.797,0.515,0.927,0.7397,1.109,0.901,0.3586,0.118
meta-llama/Llama-3.1-8B-Instruct,8,0.3557,0.7466,0.528,0.409,0.967,0.8145,0.2365,,,,0.3672,0.02295,0.1526,0.8433,0.562,1.031,0.8247,1.181,0.9443,0.3723,0.1353
meta-llama/Llama-3.1-8B-Instruct,9,0.3953,0.848,0.633,0.4812,1.181,1.023,0.2537,,,,0.4053,0.02579,0.177,0.922,0.622,1.239,1.028,1.337,1.0625,0.424,0.157
meta-llama/Llama-3.1-8B-Instruct,10,0.3962,0.8584,0.666,0.514,1.177,1.027,0.2534,,,,0.4033,0.02588,0.1875,0.9336,0.6396,1.23,1.027,1.367,1.093,0.4434,0.1672
meta-llama/Llama-3.1-8B-Instruct,11,0.3792,0.827,0.6523,0.5054,1.158,1.004,0.2478,,,,0.385,0.02501,0.1901,0.913,0.638,1.206,1.003,1.296,1.038,0.4307,0.1704
meta-llama/Llama-3.1-8B-Instruct,12,0.423,0.956,0.7715,0.54,1.177,1.031,0.291,,,,0.4282,0.02925,0.2292,1.003,0.7104,1.249,1.038,1.343,1.083,0.5107,0.2067
meta-llama/Llama-3.1-8B-Instruct,13,0.4856,1.165,0.9634,0.612,1.408,1.3125,0.3538,,,,0.4893,0.03513,0.2856,1.107,0.789,1.481,1.309,1.388,1.111,0.62,0.2585
meta-llama/Llama-3.1-8B-Instruct,14,0.6177,1.362,1.165,0.7725,2.057,2.049,0.456,,,,0.621,0.04312,0.3584,1.283,0.891,2.064,1.967,1.542,1.25,0.8184,0.3262
meta-llama/Llama-3.1-8B-Instruct,15,0.788,1.513,1.272,0.816,2.254,2.18,0.511,,,,0.79,0.05365,0.4653,1.5,1.01,2.33,2.127,1.738,1.376,1.077,0.4255
meta-llama/Llama-3.1-8B-Instruct,16,0.935,1.764,1.477,0.895,2.467,2.26,0.5728,,,,2.572,3.465,0.6143,1.814,1.234,2.652,2.295,2.016,1.53,2.248,3.127
meta-llama/Llama-3.1-8B-Instruct,17,1.201,2.088,1.634,0.9844,2.959,2.553,0.657,,,,3.082,4.21,0.7583,2.227,1.407,3.242,2.658,2.354,1.659,2.662,3.771
meta-llama/Llama-3.1-8B-Instruct,18,1.401,2.457,1.82,1.026,3.162,2.602,0.732,,,,3.443,4.73,0.8594,2.62,1.608,3.562,2.795,2.707,1.83,2.926,4.188
meta-llama/Llama-3.1-8B-Instruct,19,1.529,2.674,1.931,1.066,3.477,2.816,0.798,,,,3.775,5.17,0.9404,2.87,1.746,3.922,3.055,3.002,2.037,3.191,4.566
meta-llama/Llama-3.1-8B-Instruct,20,1.671,2.865,2.002,1.117,3.82,3.08,0.8843,,,,3.994,5.508,0.976,3.096,1.834,4.32,3.357,3.145,2.072,3.393,4.887
meta-llama/Llama-3.1-8B-Instruct,21,1.861,3.217,2.23,1.243,4.168,3.334,0.9893,,,,4.457,6.156,1.081,3.457,2.04,4.723,3.64,3.496,2.3,3.78,5.457
meta-llama/Llama-3.1-8B-Instruct,22,2.014,3.54,2.443,1.317,4.473,3.582,1.095,,,,4.77,6.6,1.178,3.764,2.229,5.074,3.904,3.719,2.469,4.04,5.85
meta-llama/Llama-3.1-8B-Instruct,23,2.273,4.008,2.688,1.421,4.914,3.812,1.256,,,,5.293,7.35,1.291,4.254,2.477,5.652,4.234,4.13,2.686,4.47,6.516
meta-llama/Llama-3.1-8B-Instruct,24,2.422,4.28,2.861,1.486,5.19,4.027,1.317,,,,5.625,7.81,1.395,4.535,2.639,5.953,4.453,4.348,2.842,4.742,6.914
meta-llama/Llama-3.1-8B-Instruct,25,2.67,4.72,3.148,1.608,5.613,4.348,1.455,,,,6.074,8.47,1.501,5.03,2.941,6.457,4.812,4.812,3.152,5.145,7.53
meta-llama/Llama-3.1-8B-Instruct,26,2.908,5.07,3.43,1.771,6.227,4.875,1.621,,,,6.46,9.03,1.603,5.41,3.178,7.164,5.406,5.27,3.535,5.5,8.055
meta-llama/Llama-3.1-8B-Instruct,27,3.201,5.51,3.729,1.963,7.01,5.61,1.78,,,,7.074,9.836,1.739,5.926,3.484,8.016,6.16,5.71,3.883,6.043,8.81
meta-llama/Llama-3.1-8B-Instruct,28,3.58,6.125,4.13,2.182,7.703,6.12,2.008,,,,7.805,10.89,1.927,6.61,3.879,8.83,6.727,6.336,4.35,6.684,9.766
meta-llama/Llama-3.1-8B-Instruct,29,3.928,6.723,4.637,2.438,8.36,6.68,2.225,,,,8.56,11.93,2.14,7.227,4.305,9.58,7.297,6.96,4.918,7.32,10.68
meta-llama/Llama-3.1-8B-Instruct,30,4.543,7.918,5.652,2.934,9.695,7.754,2.57,,,,9.87,13.72,2.469,8.44,5.168,11.086,8.45,8.14,5.863,8.46,12.305
meta-llama/Llama-3.1-8B-Instruct,31,14.29,24.67,18,9.66,29.64,23.53,7.69,,,,30,42.06,7.633,26.36,16.31,33.9,25.7,26.27,18.97,25.77,37.78
codellama/CodeLlama-7b-Instruct-hf,0,0.0692,0.147,0.1005,0.0781,0.1456,0.11414,,0.1805,0.1411,0.02167,0.0683,0.001637,0.0634,0.1816,0.1205,,,0.1879,0.144,0.1192,0.06192
codellama/CodeLlama-7b-Instruct-hf,1,0.09937,0.2244,0.1567,0.1168,0.2263,0.193,,0.2983,0.243,0.03087,0.09753,0.00295,0.1039,0.263,0.1749,,,0.3064,0.2466,0.1823,0.1012
codellama/CodeLlama-7b-Instruct-hf,2,0.1411,0.3071,0.212,0.1726,0.3296,0.2812,,0.4065,0.335,0.04416,0.1385,0.00489,0.1823,0.3665,0.2474,,,0.4185,0.34,0.2825,0.1776
codellama/CodeLlama-7b-Instruct-hf,3,0.2212,0.501,0.3584,0.314,0.6587,0.605,,0.7314,0.634,0.0821,0.2156,0.01002,0.387,0.6035,0.4246,,,0.7495,0.643,0.5396,0.3772
codellama/CodeLlama-7b-Instruct-hf,4,0.3716,0.952,0.78,0.6597,1.346,1.241,,1.577,1.469,0.1614,0.361,0.01802,0.7,1.075,0.788,,,1.605,1.479,0.9556,0.6826
codellama/CodeLlama-7b-Instruct-hf,5,0.511,1.275,1.052,0.8984,1.881,1.784,,2.104,1.976,0.2272,0.498,0.02556,0.9985,1.385,0.9893,,,2.14,1.981,1.316,0.973
codellama/CodeLlama-7b-Instruct-hf,6,0.58,1.528,1.264,1.045,2.191,2.078,,2.447,2.293,0.2908,0.564,0.03073,1.209,1.645,1.204,,,2.506,2.314,1.572,1.179
codellama/CodeLlama-7b-Instruct-hf,7,0.7295,2.1,1.715,1.249,3.107,2.916,,3.543,3.256,0.4001,0.7046,0.0437,1.715,2.291,1.72,,,3.654,3.326,2.191,1.672
codellama/CodeLlama-7b-Instruct-hf,8,0.8726,2.629,2.115,1.548,3.55,3.299,,4.453,4.02,0.4905,0.838,0.0553,2.186,3.035,2.33,,,4.613,4.14,2.783,2.13
codellama/CodeLlama-7b-Instruct-hf,9,1,3.066,2.48,1.865,4.176,3.863,,5.203,4.668,0.604,0.9565,0.06775,2.691,3.557,2.752,,,5.406,4.832,3.375,2.625
codellama/CodeLlama-7b-Instruct-hf,10,1.085,3.307,2.709,2.104,4.617,4.26,,5.54,4.99,0.6694,1.035,0.07623,3.01,3.85,2.982,,,5.77,5.176,3.746,2.934
codellama/CodeLlama-7b-Instruct-hf,11,1.307,3.781,3.068,2.57,5.715,5.293,,6.38,5.684,0.7954,1.244,0.0993,3.934,4.555,3.506,,,6.652,5.906,4.805,3.834
codellama/CodeLlama-7b-Instruct-hf,12,1.456,4.254,3.467,2.963,6.684,6.227,,7.11,6.32,0.8286,1.382,0.1204,4.76,5.15,3.996,,,7.363,6.53,5.688,4.645
codellama/CodeLlama-7b-Instruct-hf,13,1.619,4.605,3.922,3.51,7.938,7.59,,7.63,6.816,0.937,1.538,0.1465,5.824,5.62,4.387,,,7.902,7.027,6.75,5.676
codellama/CodeLlama-7b-Instruct-hf,14,1.909,5.953,5.29,5.074,11.52,11.305,,9.12,8.25,1.128,13.88,15.35,7.797,6.566,5.16,,,9.266,8.33,13.805,14.77
codellama/CodeLlama-7b-Instruct-hf,15,2.195,6.203,5.67,5.81,13.05,12.805,,10.86,9.82,1.2705,14.8,16.33,8.85,7.066,5.527,,,10.97,9.86,14.484,15.41
codellama/CodeLlama-7b-Instruct-hf,16,2.348,6.574,5.99,6.11,14.1,13.86,,11.305,10.195,1.382,15.68,17.22,9.5,7.47,5.844,,,11.48,10.29,15.23,16.1
codellama/CodeLlama-7b-Instruct-hf,17,2.426,6.9,6.305,6.445,14.984,14.75,,11.68,10.54,1.432,16.28,17.83,9.9,7.66,6.023,,,11.88,10.664,15.67,16.55
codellama/CodeLlama-7b-Instruct-hf,18,2.627,7.84,7.125,7.344,17.23,16.92,,12.81,11.52,1.588,17.62,19.22,10.84,8.234,6.54,,,13.07,11.7,17.22,18.11
codellama/CodeLlama-7b-Instruct-hf,19,2.928,8.914,8.05,7.875,19.02,18.61,,14.48,12.99,1.761,18.95,20.64,11.875,9.17,7.277,,,14.766,13.2,18.39,19.23
codellama/CodeLlama-7b-Instruct-hf,20,3.219,9.67,8.734,8.51,20.62,20.16,,15.46,13.836,1.903,20.55,22.33,12.89,9.89,7.8,,,15.79,14.08,19.7,20.58
codellama/CodeLlama-7b-Instruct-hf,21,3.482,10.4,9.37,9.164,22.31,21.81,,16.86,15.1,2.047,22.22,24.16,14.1,10.64,8.36,,,17.22,15.375,21.22,22.16
codellama/CodeLlama-7b-Instruct-hf,22,3.885,11.375,10.195,10.05,24.56,23.92,,18.53,16.52,2.244,24.36,26.47,15.52,11.68,9.07,,,18.92,16.8,23.1,24.12
codellama/CodeLlama-7b-Instruct-hf,23,4.28,12.66,11.29,10.97,27,26.42,,20.36,18.12,2.484,26.83,29.14,17.25,12.984,10.07,,,20.8,18.45,25.22,26.31
codellama/CodeLlama-7b-Instruct-hf,24,4.664,13.94,12.47,11.945,29.73,29.06,,22.3,19.88,2.762,29.44,31.88,18.88,14.055,10.94,,,22.77,20.23,27.45,28.61
codellama/CodeLlama-7b-Instruct-hf,25,5.055,15.69,14.12,13.03,32.9,32.16,,24.81,22.31,3.082,32.03,34.6,20.72,15.38,12.07,,,25.27,22.64,29.8,30.94
codellama/CodeLlama-7b-Instruct-hf,26,5.56,17.39,15.72,14.29,36.56,35.8,,27.1,24.33,3.352,35.47,38.28,23.02,16.83,13.27,,,27.53,24.64,32.9,34.2
codellama/CodeLlama-7b-Instruct-hf,27,6.06,19.6,17.73,15.53,40.34,39.62,,29.84,26.78,3.697,38.78,41.75,25.28,18.8,14.98,,,30.36,27.17,35.9,37.2
codellama/CodeLlama-7b-Instruct-hf,28,6.65,21.94,19.88,17.1,44.5,43.6,,33.75,30.3,4.086,42.44,45.7,27.88,20.84,16.62,,,34.25,30.67,39.25,40.6
codellama/CodeLlama-7b-Instruct-hf,29,7.426,24.4,22.02,18.42,48.72,47.66,,38.03,34.12,4.523,46.72,50.28,30.7,23.53,18.8,,,38.72,34.62,42.9,44.28
codellama/CodeLlama-7b-Instruct-hf,30,8.49,27.45,24.45,20.47,54.6,53.16,,42.7,38.06,5.05,51.97,55.66,33.88,26.75,21.23,,,43.4,38.62,47.8,49.16
codellama/CodeLlama-7b-Instruct-hf,31,3.133,9.9,8.6,6.9,18.53,17.81,,14.625,12.805,1.638,18.97,20.33,12.58,9.73,7.566,,,14.81,12.945,17.45,17.97
deepseek-ai/DeepSeek-R1-Distill-Qwen-7B,0,0.4094,2.758,2.64,0.2961,1.806,1.827,0.3345,3.973,4.035,0.1781,0.3728,0.3596,0.4268,2.643,2.516,1.873,1.887,4.004,4.066,0.4446,0.0758
deepseek-ai/DeepSeek-R1-Distill-Qwen-7B,1,0.4834,3.148,2.977,0.3667,2.88,2.816,0.3748,4.375,4.4,0.2053,0.436,0.4158,0.4958,3.041,2.861,2.934,2.86,4.406,4.434,0.523,0.0892
deepseek-ai/DeepSeek-R1-Distill-Qwen-7B,2,0.7607,3.846,3.613,0.6025,7.273,7.195,0.51,6.836,6.887,0.285,0.696,0.5625,0.683,3.73,3.47,7.277,7.188,6.83,6.875,0.8257,0.1334
deepseek-ai/DeepSeek-R1-Distill-Qwen-7B,3,0.9473,4.84,4.633,0.797,11.66,11.78,0.6577,9.42,9.586,0.3708,0.8667,0.6685,0.8154,4.645,4.395,11.57,11.69,9.39,9.555,1.024,0.1626
deepseek-ai/DeepSeek-R1-Distill-Qwen-7B,4,1.148,5.848,5.582,0.9663,13.625,13.766,0.775,11.16,11.33,0.426,1.068,0.821,0.996,5.69,5.363,13.53,13.664,11.14,11.305,1.237,0.1941
deepseek-ai/DeepSeek-R1-Distill-Qwen-7B,5,1.469,7.082,6.645,1.145,15.31,15.234,0.8745,13.04,13.164,0.4792,1.329,1.001,1.216,6.906,6.395,15.266,15.17,13.03,13.16,1.584,0.2312
deepseek-ai/DeepSeek-R1-Distill-Qwen-7B,6,1.544,8.15,7.617,1.154,14.9,14.74,0.9478,13.2,13.22,0.5156,1.399,1.117,1.358,8.03,7.434,14.914,14.74,13.22,13.234,1.678,0.2578
deepseek-ai/DeepSeek-R1-Distill-Qwen-7B,7,1.966,10.19,9.734,1.375,16.08,15.74,1.383,15.58,15.64,0.746,1.881,1.44,1.755,10.01,9.5,16.19,15.805,15.6,15.66,2.127,0.332
deepseek-ai/DeepSeek-R1-Distill-Qwen-7B,8,2.426,12.89,12.16,1.7705,18.34,17.78,1.796,18.66,18.61,0.9756,2.318,1.856,2.258,12.81,11.984,18.6,17.95,18.69,18.61,2.629,0.4253
deepseek-ai/DeepSeek-R1-Distill-Qwen-7B,9,2.434,12.69,12.29,2.082,19.39,18.6,2.11,19.17,19.23,1.167,2.348,2.027,2.453,12.27,11.766,20.02,19.14,19.22,19.27,2.656,0.4495
deepseek-ai/DeepSeek-R1-Distill-Qwen-7B,10,2.398,12.01,11.805,1.971,18.58,17.8,2.143,17.8,17.98,1.052,2.205,1.96,2.367,11.7,11.4,19.27,18.4,17.8,17.97,2.627,0.4338
deepseek-ai/DeepSeek-R1-Distill-Qwen-7B,11,2.611,13.375,13.04,2.248,20.34,19.45,2.332,19.38,19.38,1.131,2.555,2.244,2.709,13.01,12.555,21,20.02,19.36,19.33,2.85,0.4954
deepseek-ai/DeepSeek-R1-Distill-Qwen-7B,12,2.752,14.62,14.22,2.562,21.23,20.28,2.57,21.92,21.83,1.228,2.775,2.418,2.91,14.06,13.54,21.95,20.89,21.81,21.72,2.988,0.523
deepseek-ai/DeepSeek-R1-Distill-Qwen-7B,13,2.914,17,16.52,3.45,24.27,23.38,2.908,28.17,28.03,1.656,3.133,2.734,3.268,15.77,15.14,25.17,24.22,27.81,27.67,3.156,0.57
deepseek-ai/DeepSeek-R1-Distill-Qwen-7B,14,3.23,20.11,19.5,4.406,28.11,27.19,3.285,35.1,34.78,2.057,3.719,3.14,3.74,18.33,17.58,29.1,28.1,34.44,34.12,3.469,0.6406
deepseek-ai/DeepSeek-R1-Distill-Qwen-7B,15,3.627,22.03,21.31,4.883,30.81,30.05,3.64,38.47,38.22,2.287,4.254,3.46,4.125,20.1,19.19,31.78,30.9,37.7,37.44,3.861,0.7065
deepseek-ai/DeepSeek-R1-Distill-Qwen-7B,16,3.975,25.58,24.83,5.69,36.06,35.56,4.12,44.97,44.7,2.598,4.742,4.027,4.8,23.27,22.34,37.12,36.53,43.97,43.66,4.26,0.8247
deepseek-ai/DeepSeek-R1-Distill-Qwen-7B,17,4.56,27.9,26.98,6.414,39.4,38.88,4.652,50.16,49.7,2.889,5.35,4.53,5.4,25.48,24.3,40.47,39.8,49,48.53,4.902,0.9272
deepseek-ai/DeepSeek-R1-Distill-Qwen-7B,18,5.707,33.7,32.84,7.168,46.1,45.8,5.77,57,56.44,3.314,6.61,5.207,6.22,31.23,30.1,47.25,46.78,55.8,55.22,6.03,1.085
deepseek-ai/DeepSeek-R1-Distill-Qwen-7B,19,6.68,37.06,35.97,7.594,49.47,49.1,6.414,60.56,59.7,3.7,7.457,5.688,6.8,34.53,33.06,50.72,50.06,59.28,58.38,7.02,1.2
deepseek-ai/DeepSeek-R1-Distill-Qwen-7B,20,7.754,43.2,41.66,8.68,58.38,58.06,7.496,70.1,68.9,4.438,8.38,14.49,7.918,40.34,38.44,59.75,59.16,68.5,67.2,3.92,11.03
deepseek-ai/DeepSeek-R1-Distill-Qwen-7B,21,9.1,50.4,48.88,9.94,67.44,66.94,9.03,80.8,79.25,5.344,9.61,16.67,9.23,47.12,45.2,69.1,68.3,79.2,77.5,4.875,12.83
deepseek-ai/DeepSeek-R1-Distill-Qwen-7B,22,10.88,63,61.62,11.85,80.6,80.4,10.84,95.06,93.44,6.62,11.55,19.55,11.164,58.88,57.1,82.25,81.6,93.1,91.3,6.1,15.11
deepseek-ai/DeepSeek-R1-Distill-Qwen-7B,23,14.02,75,73,14.51,100,98.94,13.86,113.25,110.9,7.875,13.51,23.56,12.97,69.8,67.44,102.5,100.8,111.1,108.5,7.656,19.14
deepseek-ai/DeepSeek-R1-Distill-Qwen-7B,24,15.85,86,83.8,16.66,111.75,110.44,16.36,128.1,125.3,8.95,15.33,26.47,14.99,79.4,76.75,114.7,112.6,125.7,122.56,8.836,21.44
deepseek-ai/DeepSeek-R1-Distill-Qwen-7B,25,17.9,95.4,92.75,19.16,125.4,123.75,18.42,142.1,139.1,9.914,16.88,29.12,16.44,87.8,84.7,129,126.44,139.4,136.1,9.664,23.73
deepseek-ai/DeepSeek-R1-Distill-Qwen-7B,26,20.7,109.6,106.9,22.22,145.9,143.5,21.1,157.8,154.6,11.17,19.23,32.7,18.9,100.75,97.4,150.1,146.5,154.5,151,11.34,26.8
deepseek-ai/DeepSeek-R1-Distill-Qwen-7B,27,2.375,11.65,11.99,2.463,14.47,14.445,2.125,16.75,16.22,1.317,2.773,4.55,2.713,10.66,10.85,14.78,14.64,16.47,15.91,1.185,2.842
deepseek-ai/deepseek-coder-6.7b-instruct,0,0.2688,0.799,0.63,0.5093,0.769,0.7544,0.7334,0.803,0.723,0.4822,0.3162,0.0898,0.6245,0.727,0.5796,0.4438,0.4868,0.7764,0.6616,0.4905,0.535
deepseek-ai/deepseek-coder-6.7b-instruct,1,0.4854,1.129,0.8716,0.6416,1.168,1.139,1.072,1.068,0.935,0.761,0.5073,0.1735,1.214,1.069,0.816,0.73,0.703,1.156,0.943,1.169,1.041
deepseek-ai/deepseek-coder-6.7b-instruct,2,0.736,1.473,1.144,0.8623,1.694,1.65,1.464,1.554,1.452,1.246,0.6743,0.2695,1.887,1.607,1.213,1.107,0.9624,1.755,1.417,2.03,1.618
deepseek-ai/deepseek-coder-6.7b-instruct,3,1.07,2.168,1.893,1.228,2.719,2.814,2.305,2.238,2.17,1.815,0.9175,0.4177,2.924,2.385,2.049,2.13,1.893,2.59,2.256,3.207,2.506
deepseek-ai/deepseek-coder-6.7b-instruct,4,1.346,2.65,2.35,1.568,3.512,3.64,2.95,2.941,2.88,2.273,1.152,0.5547,3.885,2.934,2.586,2.709,2.357,3.324,2.977,4.203,3.33
deepseek-ai/deepseek-coder-6.7b-instruct,5,1.723,3.438,3.09,1.908,4.496,4.508,3.629,4.344,4.105,3.012,1.458,0.7427,5.2,3.871,3.422,3.645,3.088,4.453,3.904,5.582,4.453
deepseek-ai/deepseek-coder-6.7b-instruct,6,2.545,5.684,5.37,2.973,6.816,6.594,5.152,6.812,6.438,4.695,2.244,1.134,7.934,6.613,6.125,5.71,4.69,7.152,6.34,8.31,6.797
deepseek-ai/deepseek-coder-6.7b-instruct,7,3.207,7.297,6.547,3.576,8.98,8.52,6.67,9.2,8.586,5.902,2.92,1.34,9.375,8.32,7.52,6.918,5.56,9.6,8.52,9.805,8.03
deepseek-ai/deepseek-coder-6.7b-instruct,8,3.826,9.15,7.973,4.297,10.97,10.67,7.99,11.375,10.586,6.79,3.568,1.599,11.19,10.516,9.22,8.2,6.746,12.07,10.76,11.55,9.586
deepseek-ai/deepseek-coder-6.7b-instruct,9,4.38,11.01,9.5,5.375,14.06,13.54,9.3,15.34,14.17,8.06,4.16,1.889,13.23,12.84,11.09,10.42,8.93,15.75,14.195,13.44,11.336
deepseek-ai/deepseek-coder-6.7b-instruct,10,5.426,13.88,11.62,6.94,17.58,16.48,11.27,19.75,18.06,9.5,5.02,2.213,15.484,16.72,14.195,13.445,11.17,19.92,17.92,16.14,13.27
deepseek-ai/deepseek-coder-6.7b-instruct,11,7.22,15.41,12.336,9.17,21.28,19.48,13.44,23.38,20.75,11.1,6.43,2.72,19.03,19.84,15.97,16.64,13.48,23.05,20.11,20.67,16.31
deepseek-ai/deepseek-coder-6.7b-instruct,12,9.06,19.28,15.46,12.3,24.84,22.53,16.31,28.48,25.02,14.68,7.996,3.47,24.3,24.23,19.17,20.16,16.27,27.52,24.05,26.4,20.83
deepseek-ai/deepseek-coder-6.7b-instruct,13,12.76,24.36,18.97,15.99,30.77,28.17,20.03,33.75,30.22,19.94,11.336,4.484,31.39,31.38,24.6,24.88,19.73,34.6,30.19,34.8,26.9
deepseek-ai/deepseek-coder-6.7b-instruct,14,14.016,25.7,20.69,16.9,32.53,29.52,21.2,35.7,31.89,21.67,12.36,4.957,34.7,33.34,26.1,25.8,20.31,36.56,31.72,38.62,29.73
deepseek-ai/deepseek-coder-6.7b-instruct,15,16.69,29.53,23.5,19.34,37.12,34.5,25.4,40,35.75,23.9,14.664,6.055,42.38,37.9,29.27,28.34,22.11,41.2,36.16,46.88,36.34
deepseek-ai/deepseek-coder-6.7b-instruct,16,20.56,35.4,28.83,23.92,45.06,44.25,33.56,47.3,42.8,27.8,18.25,7.44,52.06,45.3,35.88,33.4,26.23,47.62,42.6,57.34,44.66
deepseek-ai/deepseek-coder-6.7b-instruct,17,22.77,39.03,31.98,24.9,48.06,48.38,36.94,52.94,48.4,30.06,12.984,14.11,55.5,49.12,39.16,36.34,28.25,52.25,47.34,55.88,44.2
deepseek-ai/deepseek-coder-6.7b-instruct,18,24.22,41.3,34.25,26.75,49.78,50.94,38.72,56.22,51.06,31.86,14.21,14.96,60.66,52.03,41.66,38.3,29.95,55.8,50.47,60.8,48.62
deepseek-ai/deepseek-coder-6.7b-instruct,19,26.1,43.66,36.56,29.73,55.56,56.47,42.8,60.88,55.5,33.7,15.7,15.88,66,55.94,44.38,41.66,32.88,61.22,55.6,66.7,53
deepseek-ai/deepseek-coder-6.7b-instruct,20,29.14,48.03,39.62,32.88,58.75,60.56,46.38,66.75,60.12,35.66,17.67,17.19,71.56,63.97,50.38,45.75,35.34,68.5,61.38,73.56,57.53
deepseek-ai/deepseek-coder-6.7b-instruct,21,30.92,51.75,42.53,37.78,65.3,66.9,50.47,72.25,64.6,38.53,19.02,18.27,80.5,70.94,56.12,50.34,39.44,75.3,67.1,82.9,65.6
deepseek-ai/deepseek-coder-6.7b-instruct,22,32.7,54.66,45.2,42.53,69.06,70.6,52.8,77,69.3,41.75,20.12,19.31,88.25,77.1,61.8,53.56,41.9,81.5,73.25,91.1,72.5
deepseek-ai/deepseek-coder-6.7b-instruct,23,35.94,61.47,51.16,48.8,80,81.56,58.97,86.3,77.9,46.53,22.69,20.75,97.44,87.56,70.8,61.97,49.84,91.6,82.6,101.4,80.25
deepseek-ai/deepseek-coder-6.7b-instruct,24,37.1,63.9,53.34,52.62,83.9,85.2,62.03,90.75,82.4,49.8,23.92,21.42,102.75,91.06,74.3,65.06,52.06,96.8,87.56,106.3,85
deepseek-ai/deepseek-coder-6.7b-instruct,25,40.4,70.1,58.8,58.44,94.2,93.7,67.8,99.6,89.94,54.47,27,23.02,114.06,101.25,83.3,73.75,58.56,106.6,96.25,118.06,94.8
deepseek-ai/deepseek-coder-6.7b-instruct,26,43.78,74.6,62.75,63.88,101.8,100.25,72.3,106.1,96.2,58.47,28.78,25.12,125.56,110.44,90.5,79.25,62.4,115,104.25,130.8,104.2
deepseek-ai/deepseek-coder-6.7b-instruct,27,47.03,80.1,67.56,69.25,107.56,105.3,76,112.6,102.5,63.1,31.4,26.62,133.6,117.1,96.06,84.7,66.3,122.9,112.06,139.4,110.94
deepseek-ai/deepseek-coder-6.7b-instruct,28,50.84,85.94,72.94,76.8,115.75,112.44,81.4,120.9,109.9,67.44,34.62,28.89,147.9,127.2,104.44,91.3,71.25,132.1,120.1,153.4,123
deepseek-ai/deepseek-coder-6.7b-instruct,29,55.75,96.8,82.56,83.56,129.5,124.6,90.4,132.9,122,75.56,39.38,31.19,163.6,140,116,103.75,81.6,146.2,134.1,168.9,136.8
deepseek-ai/deepseek-coder-6.7b-instruct,30,61.66,105.44,89.5,89.94,142.5,136,98.1,146,133,81.3,44.28,33.75,178.5,151.6,125.25,115.9,90.56,161.1,146.4,184.1,149.5
deepseek-ai/deepseek-coder-6.7b-instruct,31,1.868,3.104,2.492,2.436,3.812,3.705,2.625,4.45,3.807,2.22,1.363,0.9272,4.87,4.34,3.482,3.383,2.588,4.91,4.17,5.125,4.08