modello,target_vero,target_predetto,codice
Qwen/Qwen2.5-3B-Instruct,Sicuro,Sicuro,"static int proxy_fstat(FsContext *fs_ctx, int fid_type,

                       V9fsFidOpenState *fs, struct stat *stbuf)

{

    int fd;



    if (fid_type == P9_FID_DIR) {

        fd = dirfd(fs->dir);

    } else {

        fd = fs->fd;

    }

    return fstat(fd, stbuf);

}
"
Qwen/Qwen2.5-3B-Instruct,Sicuro,Sicuro,"static void h264_v_loop_filter_chroma_c(uint8_t *pix, int stride, int alpha, int beta, int8_t *tc0)

{

    h264_loop_filter_chroma_c(pix, stride, 1, alpha, beta, tc0);

}
"
Qwen/Qwen2.5-3B-Instruct,Sicuro,Sicuro,"int qemu_timeout_ns_to_ms(int64_t ns)

{

    int64_t ms;

    if (ns < 0) {

        return -1;

    }



    if (!ns) {

        return 0;

    }



    /* Always round up, because it's better to wait too long than to wait too

     * little and effectively busy-wait

     */

    ms = DIV_ROUND_UP(ns, SCALE_MS);



    /* To avoid overflow problems, limit this to 2^31, i.e. approx 25 days */

    if (ms > (int64_t) INT32_MAX) {

        ms = INT32_MAX;

    }



    return (int) ms;

}
"
Qwen/Qwen2.5-3B-Instruct,Sicuro,Sicuro,"static void gen_conditional_jump(DisasContext * ctx,

				 target_ulong ift, target_ulong ifnott)

{

    int l1;

    TCGv sr;



    l1 = gen_new_label();

    sr = tcg_temp_new();

    tcg_gen_andi_i32(sr, cpu_sr, SR_T);

    tcg_gen_brcondi_i32(TCG_COND_NE, sr, 0, l1);

    gen_goto_tb(ctx, 0, ifnott);

    gen_set_label(l1);

    gen_goto_tb(ctx, 1, ift);

}
"
Qwen/Qwen2.5-Coder-3B-Instruct,Sicuro,Sicuro,"int qemu_timeout_ns_to_ms(int64_t ns)

{

    int64_t ms;

    if (ns < 0) {

        return -1;

    }



    if (!ns) {

        return 0;

    }



    /* Always round up, because it's better to wait too long than to wait too

     * little and effectively busy-wait

     */

    ms = DIV_ROUND_UP(ns, SCALE_MS);



    /* To avoid overflow problems, limit this to 2^31, i.e. approx 25 days */

    if (ms > (int64_t) INT32_MAX) {

        ms = INT32_MAX;

    }



    return (int) ms;

}
"
meta-llama/Llama-3.2-3B-Instruct,Sicuro,Sicuro,"static int proxy_fstat(FsContext *fs_ctx, int fid_type,

                       V9fsFidOpenState *fs, struct stat *stbuf)

{

    int fd;



    if (fid_type == P9_FID_DIR) {

        fd = dirfd(fs->dir);

    } else {

        fd = fs->fd;

    }

    return fstat(fd, stbuf);

}
"
meta-llama/Llama-3.2-3B-Instruct,Sicuro,Sicuro,"static void h264_v_loop_filter_chroma_c(uint8_t *pix, int stride, int alpha, int beta, int8_t *tc0)

{

    h264_loop_filter_chroma_c(pix, stride, 1, alpha, beta, tc0);

}
"
meta-llama/Llama-3.2-3B-Instruct,Sicuro,Sicuro,"int qemu_timeout_ns_to_ms(int64_t ns)

{

    int64_t ms;

    if (ns < 0) {

        return -1;

    }



    if (!ns) {

        return 0;

    }



    /* Always round up, because it's better to wait too long than to wait too

     * little and effectively busy-wait

     */

    ms = DIV_ROUND_UP(ns, SCALE_MS);



    /* To avoid overflow problems, limit this to 2^31, i.e. approx 25 days */

    if (ms > (int64_t) INT32_MAX) {

        ms = INT32_MAX;

    }



    return (int) ms;

}
"
meta-llama/Llama-3.2-3B-Instruct,Sicuro,Sicuro,"static void gen_conditional_jump(DisasContext * ctx,

				 target_ulong ift, target_ulong ifnott)

{

    int l1;

    TCGv sr;



    l1 = gen_new_label();

    sr = tcg_temp_new();

    tcg_gen_andi_i32(sr, cpu_sr, SR_T);

    tcg_gen_brcondi_i32(TCG_COND_NE, sr, 0, l1);

    gen_goto_tb(ctx, 0, ifnott);

    gen_set_label(l1);

    gen_goto_tb(ctx, 1, ift);

}
"
deepseek-ai/DeepSeek-R1-Distill-Qwen-1.5B,Sicuro,Sicuro,"static int proxy_fstat(FsContext *fs_ctx, int fid_type,

                       V9fsFidOpenState *fs, struct stat *stbuf)

{

    int fd;



    if (fid_type == P9_FID_DIR) {

        fd = dirfd(fs->dir);

    } else {

        fd = fs->fd;

    }

    return fstat(fd, stbuf);

}
"
deepseek-ai/DeepSeek-R1-Distill-Qwen-1.5B,Sicuro,Sicuro,"int qemu_timeout_ns_to_ms(int64_t ns)

{

    int64_t ms;

    if (ns < 0) {

        return -1;

    }



    if (!ns) {

        return 0;

    }



    /* Always round up, because it's better to wait too long than to wait too

     * little and effectively busy-wait

     */

    ms = DIV_ROUND_UP(ns, SCALE_MS);



    /* To avoid overflow problems, limit this to 2^31, i.e. approx 25 days */

    if (ms > (int64_t) INT32_MAX) {

        ms = INT32_MAX;

    }



    return (int) ms;

}
"
deepseek-ai/DeepSeek-R1-Distill-Qwen-1.5B,Sicuro,Sicuro,"static void gen_conditional_jump(DisasContext * ctx,

				 target_ulong ift, target_ulong ifnott)

{

    int l1;

    TCGv sr;



    l1 = gen_new_label();

    sr = tcg_temp_new();

    tcg_gen_andi_i32(sr, cpu_sr, SR_T);

    tcg_gen_brcondi_i32(TCG_COND_NE, sr, 0, l1);

    gen_goto_tb(ctx, 0, ifnott);

    gen_set_label(l1);

    gen_goto_tb(ctx, 1, ift);

}
"
