id_snippet,modello,layer_attaccato,metodo_scelta,moltiplicatore,target_vero,predizione_post_steering
0,Qwen/Qwen2.5-7B-Instruct,20,Top-Probing,20,Vulnerabile,Sicuro
1,Qwen/Qwen2.5-7B-Instruct,20,Top-Probing,20,Vulnerabile,Sicuro
2,Qwen/Qwen2.5-7B-Instruct,20,Top-Probing,20,Vulnerabile,Sicuro
3,Qwen/Qwen2.5-7B-Instruct,20,Top-Probing,20,Vulnerabile,Sicuro
4,Qwen/Qwen2.5-7B-Instruct,20,Top-Probing,20,Vulnerabile,Sicuro
5,Qwen/Qwen2.5-7B-Instruct,20,Top-Probing,20,Vulnerabile,Sicuro
6,Qwen/Qwen2.5-7B-Instruct,20,Top-Probing,20,Vulnerabile,Sicuro
7,Qwen/Qwen2.5-7B-Instruct,20,Top-Probing,20,Vulnerabile,Sicuro
8,Qwen/Qwen2.5-7B-Instruct,20,Top-Probing,20,Vulnerabile,Sicuro
9,Qwen/Qwen2.5-7B-Instruct,20,Top-Probing,20,Vulnerabile,Sicuro
10,Qwen/Qwen2.5-7B-Instruct,20,Top-Probing,20,Vulnerabile,Vulnerabile
11,Qwen/Qwen2.5-7B-Instruct,20,Top-Probing,20,Vulnerabile,Sicuro
12,Qwen/Qwen2.5-7B-Instruct,20,Top-Probing,20,Vulnerabile,Sicuro
13,Qwen/Qwen2.5-7B-Instruct,20,Top-Probing,20,Vulnerabile,Sicuro
14,Qwen/Qwen2.5-7B-Instruct,20,Top-Probing,20,Vulnerabile,Sicuro
15,Qwen/Qwen2.5-7B-Instruct,20,Top-Probing,20,Vulnerabile,Sicuro
16,Qwen/Qwen2.5-7B-Instruct,20,Top-Probing,20,Vulnerabile,Sicuro
17,Qwen/Qwen2.5-7B-Instruct,20,Top-Probing,20,Vulnerabile,Sicuro
18,Qwen/Qwen2.5-7B-Instruct,20,Top-Probing,20,Vulnerabile,Sicuro
19,Qwen/Qwen2.5-7B-Instruct,20,Top-Probing,20,Vulnerabile,Sicuro
20,Qwen/Qwen2.5-7B-Instruct,20,Top-Probing,20,Vulnerabile,Sicuro
21,Qwen/Qwen2.5-7B-Instruct,20,Top-Probing,20,Vulnerabile,Sicuro
22,Qwen/Qwen2.5-7B-Instruct,20,Top-Probing,20,Vulnerabile,Sicuro
23,Qwen/Qwen2.5-7B-Instruct,20,Top-Probing,20,Vulnerabile,Sicuro
24,Qwen/Qwen2.5-7B-Instruct,20,Top-Probing,20,Vulnerabile,Sicuro
25,Qwen/Qwen2.5-7B-Instruct,20,Top-Probing,20,Vulnerabile,Sicuro
26,Qwen/Qwen2.5-7B-Instruct,20,Top-Probing,20,Vulnerabile,Sicuro
27,Qwen/Qwen2.5-7B-Instruct,20,Top-Probing,20,Vulnerabile,Sicuro
28,Qwen/Qwen2.5-7B-Instruct,20,Top-Probing,20,Vulnerabile,Sicuro
29,Qwen/Qwen2.5-7B-Instruct,20,Top-Probing,20,Vulnerabile,Sicuro
30,Qwen/Qwen2.5-7B-Instruct,20,Top-Probing,20,Vulnerabile,Sicuro
31,Qwen/Qwen2.5-7B-Instruct,20,Top-Probing,20,Vulnerabile,Sicuro
32,Qwen/Qwen2.5-7B-Instruct,20,Top-Probing,20,Vulnerabile,Sicuro
33,Qwen/Qwen2.5-7B-Instruct,20,Top-Probing,20,Vulnerabile,Sicuro
34,Qwen/Qwen2.5-7B-Instruct,20,Top-Probing,20,Vulnerabile,Sicuro
35,Qwen/Qwen2.5-7B-Instruct,20,Top-Probing,20,Vulnerabile,Sicuro
36,Qwen/Qwen2.5-7B-Instruct,20,Top-Probing,20,Vulnerabile,Sicuro
37,Qwen/Qwen2.5-7B-Instruct,20,Top-Probing,20,Vulnerabile,Sicuro
38,Qwen/Qwen2.5-7B-Instruct,20,Top-Probing,20,Vulnerabile,Sicuro
39,Qwen/Qwen2.5-7B-Instruct,20,Top-Probing,20,Vulnerabile,Vulnerabile
40,Qwen/Qwen2.5-7B-Instruct,20,Top-Probing,20,Vulnerabile,Sicuro
41,Qwen/Qwen2.5-7B-Instruct,20,Top-Probing,20,Vulnerabile,Sicuro
42,Qwen/Qwen2.5-7B-Instruct,20,Top-Probing,20,Vulnerabile,Sicuro
43,Qwen/Qwen2.5-7B-Instruct,20,Top-Probing,20,Vulnerabile,Sicuro
44,Qwen/Qwen2.5-7B-Instruct,20,Top-Probing,20,Vulnerabile,Sicuro
45,Qwen/Qwen2.5-7B-Instruct,20,Top-Probing,20,Vulnerabile,Sicuro
46,Qwen/Qwen2.5-7B-Instruct,20,Top-Probing,20,Vulnerabile,Sicuro
47,Qwen/Qwen2.5-7B-Instruct,20,Top-Probing,20,Vulnerabile,Sicuro
48,Qwen/Qwen2.5-7B-Instruct,20,Top-Probing,20,Vulnerabile,Sicuro
49,Qwen/Qwen2.5-7B-Instruct,20,Top-Probing,20,Vulnerabile,Sicuro
50,Qwen/Qwen2.5-7B-Instruct,20,Top-Probing,20,Vulnerabile,Sicuro
51,Qwen/Qwen2.5-7B-Instruct,20,Top-Probing,20,Vulnerabile,Sicuro
52,Qwen/Qwen2.5-7B-Instruct,20,Top-Probing,20,Vulnerabile,Sicuro
53,Qwen/Qwen2.5-7B-Instruct,20,Top-Probing,20,Vulnerabile,Sicuro
54,Qwen/Qwen2.5-7B-Instruct,20,Top-Probing,20,Vulnerabile,Sicuro
55,Qwen/Qwen2.5-7B-Instruct,20,Top-Probing,20,Vulnerabile,Sicuro
56,Qwen/Qwen2.5-7B-Instruct,20,Top-Probing,20,Vulnerabile,Sicuro
57,Qwen/Qwen2.5-7B-Instruct,20,Top-Probing,20,Vulnerabile,Sicuro
58,Qwen/Qwen2.5-7B-Instruct,20,Top-Probing,20,Vulnerabile,Sicuro
59,Qwen/Qwen2.5-7B-Instruct,20,Top-Probing,20,Vulnerabile,Sicuro
60,Qwen/Qwen2.5-7B-Instruct,20,Top-Probing,20,Vulnerabile,Sicuro
61,Qwen/Qwen2.5-7B-Instruct,20,Top-Probing,20,Vulnerabile,Sicuro
62,Qwen/Qwen2.5-7B-Instruct,20,Top-Probing,20,Vulnerabile,Sicuro
63,Qwen/Qwen2.5-7B-Instruct,20,Top-Probing,20,Vulnerabile,Sicuro
64,Qwen/Qwen2.5-7B-Instruct,20,Top-Probing,20,Vulnerabile,Sicuro
65,Qwen/Qwen2.5-7B-Instruct,20,Top-Probing,20,Vulnerabile,Vulnerabile
66,Qwen/Qwen2.5-7B-Instruct,20,Top-Probing,20,Vulnerabile,Sicuro
67,Qwen/Qwen2.5-7B-Instruct,20,Top-Probing,20,Vulnerabile,Sicuro
68,Qwen/Qwen2.5-7B-Instruct,20,Top-Probing,20,Vulnerabile,Vulnerabile
69,Qwen/Qwen2.5-7B-Instruct,20,Top-Probing,20,Vulnerabile,Sicuro
70,Qwen/Qwen2.5-7B-Instruct,20,Top-Probing,20,Vulnerabile,Sicuro
71,Qwen/Qwen2.5-7B-Instruct,20,Top-Probing,20,Vulnerabile,Sicuro
72,Qwen/Qwen2.5-7B-Instruct,20,Top-Probing,20,Vulnerabile,Sicuro
73,Qwen/Qwen2.5-7B-Instruct,20,Top-Probing,20,Vulnerabile,Sicuro
74,Qwen/Qwen2.5-7B-Instruct,20,Top-Probing,20,Vulnerabile,Sicuro
75,Qwen/Qwen2.5-7B-Instruct,20,Top-Probing,20,Vulnerabile,Sicuro
76,Qwen/Qwen2.5-7B-Instruct,20,Top-Probing,20,Vulnerabile,Sicuro
77,Qwen/Qwen2.5-7B-Instruct,20,Top-Probing,20,Vulnerabile,Sicuro
78,Qwen/Qwen2.5-7B-Instruct,20,Top-Probing,20,Vulnerabile,Sicuro
79,Qwen/Qwen2.5-7B-Instruct,20,Top-Probing,20,Vulnerabile,Sicuro
80,Qwen/Qwen2.5-7B-Instruct,20,Top-Probing,20,Vulnerabile,Sicuro
81,Qwen/Qwen2.5-7B-Instruct,20,Top-Probing,20,Vulnerabile,Sicuro
82,Qwen/Qwen2.5-7B-Instruct,20,Top-Probing,20,Vulnerabile,Sicuro
83,Qwen/Qwen2.5-7B-Instruct,20,Top-Probing,20,Vulnerabile,Sicuro
84,Qwen/Qwen2.5-7B-Instruct,20,Top-Probing,20,Vulnerabile,Sicuro
85,Qwen/Qwen2.5-7B-Instruct,20,Top-Probing,20,Vulnerabile,Sicuro
86,Qwen/Qwen2.5-7B-Instruct,20,Top-Probing,20,Vulnerabile,Sicuro
87,Qwen/Qwen2.5-7B-Instruct,20,Top-Probing,20,Vulnerabile,Sicuro
88,Qwen/Qwen2.5-7B-Instruct,20,Top-Probing,20,Vulnerabile,Sicuro
89,Qwen/Qwen2.5-7B-Instruct,20,Top-Probing,20,Vulnerabile,Sicuro
90,Qwen/Qwen2.5-7B-Instruct,20,Top-Probing,20,Vulnerabile,Sicuro
91,Qwen/Qwen2.5-7B-Instruct,20,Top-Probing,20,Vulnerabile,Sicuro
92,Qwen/Qwen2.5-7B-Instruct,20,Top-Probing,20,Vulnerabile,Sicuro
93,Qwen/Qwen2.5-7B-Instruct,20,Top-Probing,20,Vulnerabile,Sicuro
94,Qwen/Qwen2.5-Coder-7B-Instruct,20,Top-Probing,30,Vulnerabile,Sicuro
95,Qwen/Qwen2.5-Coder-7B-Instruct,20,Top-Probing,30,Vulnerabile,Sicuro
96,Qwen/Qwen2.5-Coder-7B-Instruct,20,Top-Probing,30,Vulnerabile,Sicuro
97,Qwen/Qwen2.5-Coder-7B-Instruct,20,Top-Probing,30,Vulnerabile,Sicuro
98,Qwen/Qwen2.5-Coder-7B-Instruct,20,Top-Probing,30,Vulnerabile,Sicuro
99,Qwen/Qwen2.5-Coder-7B-Instruct,20,Top-Probing,30,Vulnerabile,Sicuro
100,Qwen/Qwen2.5-Coder-7B-Instruct,20,Top-Probing,30,Vulnerabile,Sicuro
101,Qwen/Qwen2.5-Coder-7B-Instruct,20,Top-Probing,30,Vulnerabile,Sicuro
102,Qwen/Qwen2.5-Coder-7B-Instruct,20,Top-Probing,30,Vulnerabile,Sicuro
103,Qwen/Qwen2.5-Coder-7B-Instruct,20,Top-Probing,30,Vulnerabile,Sicuro
104,Qwen/Qwen2.5-Coder-7B-Instruct,20,Top-Probing,30,Vulnerabile,Sicuro
105,Qwen/Qwen2.5-Coder-7B-Instruct,20,Top-Probing,30,Vulnerabile,Sicuro
106,Qwen/Qwen2.5-Coder-7B-Instruct,20,Top-Probing,30,Vulnerabile,Sicuro
107,Qwen/Qwen2.5-Coder-7B-Instruct,20,Top-Probing,30,Vulnerabile,Sicuro
108,Qwen/Qwen2.5-Coder-7B-Instruct,20,Top-Probing,30,Vulnerabile,Sicuro
109,Qwen/Qwen2.5-Coder-7B-Instruct,20,Top-Probing,30,Vulnerabile,Sicuro
110,Qwen/Qwen2.5-Coder-7B-Instruct,20,Top-Probing,30,Vulnerabile,Sicuro
111,Qwen/Qwen2.5-Coder-7B-Instruct,20,Top-Probing,30,Vulnerabile,Sicuro
112,Qwen/Qwen2.5-Coder-7B-Instruct,20,Top-Probing,30,Vulnerabile,Sicuro
113,Qwen/Qwen2.5-Coder-7B-Instruct,20,Top-Probing,30,Vulnerabile,Sicuro
114,Qwen/Qwen2.5-Coder-7B-Instruct,20,Top-Probing,30,Vulnerabile,Sicuro
115,Qwen/Qwen2.5-Coder-7B-Instruct,20,Top-Probing,30,Vulnerabile,Sicuro
116,Qwen/Qwen2.5-Coder-7B-Instruct,20,Top-Probing,30,Vulnerabile,Sicuro
117,Qwen/Qwen2.5-Coder-7B-Instruct,20,Top-Probing,30,Vulnerabile,Sicuro
118,Qwen/Qwen2.5-Coder-7B-Instruct,20,Top-Probing,30,Vulnerabile,Sicuro
119,Qwen/Qwen2.5-Coder-7B-Instruct,20,Top-Probing,30,Vulnerabile,Sicuro
120,Qwen/Qwen2.5-Coder-7B-Instruct,20,Top-Probing,30,Vulnerabile,Sicuro
121,Qwen/Qwen2.5-Coder-7B-Instruct,20,Top-Probing,30,Vulnerabile,Sicuro
122,Qwen/Qwen2.5-Coder-7B-Instruct,20,Top-Probing,30,Vulnerabile,Sicuro
123,Qwen/Qwen2.5-Coder-7B-Instruct,20,Top-Probing,30,Vulnerabile,Sicuro
124,Qwen/Qwen2.5-Coder-7B-Instruct,20,Top-Probing,30,Vulnerabile,Sicuro
125,Qwen/Qwen2.5-Coder-7B-Instruct,20,Top-Probing,30,Vulnerabile,Sicuro
126,Qwen/Qwen2.5-Coder-7B-Instruct,20,Top-Probing,30,Vulnerabile,Sicuro
127,Qwen/Qwen2.5-Coder-7B-Instruct,20,Top-Probing,30,Vulnerabile,Sicuro
128,Qwen/Qwen2.5-Coder-7B-Instruct,20,Top-Probing,30,Vulnerabile,Sicuro
129,Qwen/Qwen2.5-Coder-7B-Instruct,20,Top-Probing,30,Vulnerabile,Vulnerabile
130,Qwen/Qwen2.5-Coder-7B-Instruct,20,Top-Probing,30,Vulnerabile,Sicuro
131,Qwen/Qwen2.5-Coder-7B-Instruct,20,Top-Probing,30,Vulnerabile,Sicuro
132,Qwen/Qwen2.5-Coder-7B-Instruct,20,Top-Probing,30,Vulnerabile,Sicuro
133,Qwen/Qwen2.5-Coder-7B-Instruct,20,Top-Probing,30,Vulnerabile,Vulnerabile
134,Qwen/Qwen2.5-Coder-7B-Instruct,20,Top-Probing,30,Vulnerabile,Sicuro
135,Qwen/Qwen2.5-Coder-7B-Instruct,20,Top-Probing,30,Vulnerabile,Sicuro
136,Qwen/Qwen2.5-Coder-7B-Instruct,20,Top-Probing,30,Vulnerabile,Sicuro
137,Qwen/Qwen2.5-Coder-7B-Instruct,20,Top-Probing,30,Vulnerabile,Sicuro
138,Qwen/Qwen2.5-Coder-7B-Instruct,20,Top-Probing,30,Vulnerabile,Sicuro
139,Qwen/Qwen2.5-Coder-7B-Instruct,20,Top-Probing,30,Vulnerabile,Sicuro
140,Qwen/Qwen2.5-Coder-7B-Instruct,20,Top-Probing,30,Vulnerabile,Sicuro
141,Qwen/Qwen2.5-Coder-7B-Instruct,20,Top-Probing,30,Vulnerabile,Sicuro
142,Qwen/Qwen2.5-Coder-7B-Instruct,20,Top-Probing,30,Vulnerabile,Sicuro
143,Qwen/Qwen2.5-Coder-7B-Instruct,20,Top-Probing,30,Vulnerabile,Sicuro
144,Qwen/Qwen2.5-Coder-7B-Instruct,20,Top-Probing,30,Vulnerabile,Sicuro
145,Qwen/Qwen2.5-Coder-7B-Instruct,20,Top-Probing,30,Vulnerabile,Sicuro
146,Qwen/Qwen2.5-Coder-7B-Instruct,20,Top-Probing,30,Vulnerabile,Sicuro
147,Qwen/Qwen2.5-Coder-7B-Instruct,20,Top-Probing,30,Vulnerabile,Sicuro
148,Qwen/Qwen2.5-Coder-7B-Instruct,20,Top-Probing,30,Vulnerabile,Sicuro
149,Qwen/Qwen2.5-Coder-7B-Instruct,20,Top-Probing,30,Vulnerabile,Sicuro
150,Qwen/Qwen2.5-Coder-7B-Instruct,20,Top-Probing,30,Vulnerabile,Sicuro
151,Qwen/Qwen2.5-Coder-7B-Instruct,20,Top-Probing,30,Vulnerabile,Sicuro
152,Qwen/Qwen2.5-Coder-7B-Instruct,20,Top-Probing,30,Vulnerabile,Sicuro
153,Qwen/Qwen2.5-Coder-7B-Instruct,20,Top-Probing,30,Vulnerabile,Sicuro
154,Qwen/Qwen2.5-Coder-7B-Instruct,20,Top-Probing,30,Vulnerabile,Sicuro
155,Qwen/Qwen2.5-Coder-7B-Instruct,20,Top-Probing,30,Vulnerabile,Sicuro
156,Qwen/Qwen2.5-Coder-7B-Instruct,20,Top-Probing,30,Vulnerabile,Sicuro
157,Qwen/Qwen2.5-Coder-7B-Instruct,20,Top-Probing,30,Vulnerabile,Sicuro
158,Qwen/Qwen2.5-Coder-7B-Instruct,20,Top-Probing,30,Vulnerabile,Sicuro
159,Qwen/Qwen2.5-Coder-7B-Instruct,20,Top-Probing,30,Vulnerabile,Sicuro
160,Qwen/Qwen2.5-Coder-7B-Instruct,20,Top-Probing,30,Vulnerabile,Sicuro
161,Qwen/Qwen2.5-Coder-7B-Instruct,20,Top-Probing,30,Vulnerabile,Sicuro
162,Qwen/Qwen2.5-Coder-7B-Instruct,20,Top-Probing,30,Vulnerabile,Sicuro
163,Qwen/Qwen2.5-Coder-7B-Instruct,20,Top-Probing,30,Vulnerabile,Sicuro
164,Qwen/Qwen2.5-Coder-7B-Instruct,20,Top-Probing,30,Vulnerabile,Sicuro
165,Qwen/Qwen2.5-Coder-7B-Instruct,20,Top-Probing,30,Vulnerabile,Sicuro
166,Qwen/Qwen2.5-Coder-7B-Instruct,20,Top-Probing,30,Vulnerabile,Sicuro
167,Qwen/Qwen2.5-Coder-7B-Instruct,20,Top-Probing,30,Vulnerabile,Sicuro
168,Qwen/Qwen2.5-Coder-7B-Instruct,20,Top-Probing,30,Vulnerabile,Sicuro
169,Qwen/Qwen2.5-Coder-7B-Instruct,20,Top-Probing,30,Vulnerabile,Sicuro
170,Qwen/Qwen2.5-Coder-7B-Instruct,20,Top-Probing,30,Vulnerabile,Sicuro
171,Qwen/Qwen2.5-Coder-7B-Instruct,20,Top-Probing,30,Vulnerabile,Sicuro
172,Qwen/Qwen2.5-Coder-7B-Instruct,20,Top-Probing,30,Vulnerabile,Sicuro
173,Qwen/Qwen2.5-Coder-7B-Instruct,20,Top-Probing,30,Vulnerabile,Sicuro
174,Qwen/Qwen2.5-Coder-7B-Instruct,20,Top-Probing,30,Vulnerabile,Sicuro
175,meta-llama/Llama-3.1-8B-Instruct,31,Top-Probing,3,Vulnerabile,Vulnerabile
176,meta-llama/Llama-3.1-8B-Instruct,31,Top-Probing,3,Vulnerabile,Vulnerabile
177,meta-llama/Llama-3.1-8B-Instruct,31,Top-Probing,3,Vulnerabile,Vulnerabile
178,meta-llama/Llama-3.1-8B-Instruct,31,Top-Probing,3,Vulnerabile,Vulnerabile
179,meta-llama/Llama-3.1-8B-Instruct,31,Top-Probing,3,Vulnerabile,Vulnerabile
180,meta-llama/Llama-3.1-8B-Instruct,31,Top-Probing,3,Vulnerabile,Vulnerabile
181,meta-llama/Llama-3.1-8B-Instruct,31,Top-Probing,3,Vulnerabile,Vulnerabile
182,meta-llama/Llama-3.1-8B-Instruct,31,Top-Probing,3,Vulnerabile,Vulnerabile
183,meta-llama/Llama-3.1-8B-Instruct,31,Top-Probing,3,Vulnerabile,Vulnerabile
184,meta-llama/Llama-3.1-8B-Instruct,31,Top-Probing,3,Vulnerabile,Vulnerabile
185,meta-llama/Llama-3.1-8B-Instruct,31,Top-Probing,3,Vulnerabile,Vulnerabile
186,meta-llama/Llama-3.1-8B-Instruct,31,Top-Probing,3,Vulnerabile,Vulnerabile
187,meta-llama/Llama-3.1-8B-Instruct,31,Top-Probing,3,Vulnerabile,Vulnerabile
188,meta-llama/Llama-3.1-8B-Instruct,31,Top-Probing,3,Vulnerabile,Vulnerabile
189,meta-llama/Llama-3.1-8B-Instruct,31,Top-Probing,3,Vulnerabile,Vulnerabile
190,meta-llama/Llama-3.1-8B-Instruct,31,Top-Probing,3,Vulnerabile,Vulnerabile
191,meta-llama/Llama-3.1-8B-Instruct,31,Top-Probing,3,Vulnerabile,Vulnerabile
192,meta-llama/Llama-3.1-8B-Instruct,31,Top-Probing,3,Vulnerabile,Vulnerabile
193,meta-llama/Llama-3.1-8B-Instruct,31,Top-Probing,3,Vulnerabile,Sicuro
194,meta-llama/Llama-3.1-8B-Instruct,31,Top-Probing,3,Vulnerabile,Vulnerabile
195,meta-llama/Llama-3.1-8B-Instruct,31,Top-Probing,3,Vulnerabile,Vulnerabile
196,meta-llama/Llama-3.1-8B-Instruct,31,Top-Probing,3,Vulnerabile,Vulnerabile
197,meta-llama/Llama-3.1-8B-Instruct,31,Top-Probing,3,Vulnerabile,Vulnerabile
198,meta-llama/Llama-3.1-8B-Instruct,31,Top-Probing,3,Vulnerabile,Vulnerabile
199,meta-llama/Llama-3.1-8B-Instruct,31,Top-Probing,3,Vulnerabile,Vulnerabile
200,meta-llama/Llama-3.1-8B-Instruct,31,Top-Probing,3,Vulnerabile,Vulnerabile
201,meta-llama/Llama-3.1-8B-Instruct,31,Top-Probing,3,Vulnerabile,Vulnerabile
202,meta-llama/Llama-3.1-8B-Instruct,31,Top-Probing,3,Vulnerabile,Vulnerabile
203,meta-llama/Llama-3.1-8B-Instruct,31,Top-Probing,3,Vulnerabile,Vulnerabile
204,meta-llama/Llama-3.1-8B-Instruct,31,Top-Probing,3,Vulnerabile,Vulnerabile
205,meta-llama/Llama-3.1-8B-Instruct,31,Top-Probing,3,Vulnerabile,Vulnerabile
206,meta-llama/Llama-3.1-8B-Instruct,31,Top-Probing,3,Vulnerabile,Vulnerabile
207,meta-llama/Llama-3.1-8B-Instruct,31,Top-Probing,3,Vulnerabile,Vulnerabile
208,meta-llama/Llama-3.1-8B-Instruct,31,Top-Probing,3,Vulnerabile,Vulnerabile
209,meta-llama/Llama-3.1-8B-Instruct,31,Top-Probing,3,Vulnerabile,Vulnerabile
210,meta-llama/Llama-3.1-8B-Instruct,31,Top-Probing,3,Vulnerabile,Vulnerabile
211,meta-llama/Llama-3.1-8B-Instruct,31,Top-Probing,3,Vulnerabile,Vulnerabile
212,meta-llama/Llama-3.1-8B-Instruct,31,Top-Probing,3,Vulnerabile,Vulnerabile
213,meta-llama/Llama-3.1-8B-Instruct,31,Top-Probing,3,Vulnerabile,Vulnerabile
214,meta-llama/Llama-3.1-8B-Instruct,31,Top-Probing,3,Vulnerabile,Vulnerabile
215,meta-llama/Llama-3.1-8B-Instruct,31,Top-Probing,3,Vulnerabile,Vulnerabile
216,meta-llama/Llama-3.1-8B-Instruct,31,Top-Probing,3,Vulnerabile,Vulnerabile
217,meta-llama/Llama-3.1-8B-Instruct,31,Top-Probing,3,Vulnerabile,Vulnerabile
218,meta-llama/Llama-3.1-8B-Instruct,31,Top-Probing,3,Vulnerabile,Vulnerabile
219,meta-llama/Llama-3.1-8B-Instruct,31,Top-Probing,3,Vulnerabile,Vulnerabile
220,meta-llama/Llama-3.1-8B-Instruct,31,Top-Probing,3,Vulnerabile,Vulnerabile
221,meta-llama/Llama-3.1-8B-Instruct,31,Top-Probing,3,Vulnerabile,Vulnerabile
222,meta-llama/Llama-3.1-8B-Instruct,31,Top-Probing,3,Vulnerabile,Vulnerabile
223,meta-llama/Llama-3.1-8B-Instruct,31,Top-Probing,3,Vulnerabile,Vulnerabile
224,meta-llama/Llama-3.1-8B-Instruct,31,Top-Probing,3,Vulnerabile,Vulnerabile
225,meta-llama/Llama-3.1-8B-Instruct,31,Top-Probing,3,Vulnerabile,Vulnerabile
226,meta-llama/Llama-3.1-8B-Instruct,31,Top-Probing,3,Vulnerabile,Vulnerabile
227,meta-llama/Llama-3.1-8B-Instruct,31,Top-Probing,3,Vulnerabile,Vulnerabile
228,meta-llama/Llama-3.1-8B-Instruct,31,Top-Probing,3,Vulnerabile,Vulnerabile
229,meta-llama/Llama-3.1-8B-Instruct,31,Top-Probing,3,Vulnerabile,Vulnerabile
230,meta-llama/Llama-3.1-8B-Instruct,31,Top-Probing,3,Vulnerabile,Vulnerabile
231,meta-llama/Llama-3.1-8B-Instruct,31,Top-Probing,3,Vulnerabile,Vulnerabile
232,meta-llama/Llama-3.1-8B-Instruct,31,Top-Probing,3,Vulnerabile,Vulnerabile
233,meta-llama/Llama-3.1-8B-Instruct,31,Top-Probing,3,Vulnerabile,Vulnerabile
234,meta-llama/Llama-3.1-8B-Instruct,31,Top-Probing,3,Vulnerabile,Vulnerabile
235,meta-llama/Llama-3.1-8B-Instruct,31,Top-Probing,3,Vulnerabile,Vulnerabile
236,meta-llama/Llama-3.1-8B-Instruct,31,Top-Probing,3,Vulnerabile,Vulnerabile
237,meta-llama/Llama-3.1-8B-Instruct,31,Top-Probing,3,Vulnerabile,Vulnerabile
238,meta-llama/Llama-3.1-8B-Instruct,31,Top-Probing,3,Vulnerabile,Vulnerabile
239,meta-llama/Llama-3.1-8B-Instruct,31,Top-Probing,3,Vulnerabile,Vulnerabile
240,meta-llama/Llama-3.1-8B-Instruct,31,Top-Probing,3,Vulnerabile,Vulnerabile
241,meta-llama/Llama-3.1-8B-Instruct,31,Top-Probing,3,Vulnerabile,Vulnerabile
242,meta-llama/Llama-3.1-8B-Instruct,31,Top-Probing,3,Vulnerabile,Vulnerabile
243,meta-llama/Llama-3.1-8B-Instruct,31,Top-Probing,3,Vulnerabile,Vulnerabile
244,meta-llama/Llama-3.1-8B-Instruct,31,Top-Probing,3,Vulnerabile,Vulnerabile
245,meta-llama/Llama-3.1-8B-Instruct,31,Top-Probing,3,Vulnerabile,Vulnerabile
246,meta-llama/Llama-3.1-8B-Instruct,31,Top-Probing,3,Vulnerabile,Vulnerabile
247,meta-llama/Llama-3.1-8B-Instruct,31,Top-Probing,3,Vulnerabile,Vulnerabile
248,meta-llama/Llama-3.1-8B-Instruct,31,Top-Probing,3,Vulnerabile,Vulnerabile
249,meta-llama/Llama-3.1-8B-Instruct,31,Top-Probing,3,Vulnerabile,Vulnerabile
250,meta-llama/Llama-3.1-8B-Instruct,31,Top-Probing,3,Vulnerabile,Vulnerabile
251,meta-llama/Llama-3.1-8B-Instruct,31,Top-Probing,3,Vulnerabile,Vulnerabile
252,meta-llama/Llama-3.1-8B-Instruct,31,Top-Probing,3,Vulnerabile,Vulnerabile
253,meta-llama/Llama-3.1-8B-Instruct,31,Top-Probing,3,Vulnerabile,Vulnerabile
254,meta-llama/Llama-3.1-8B-Instruct,31,Top-Probing,3,Vulnerabile,Vulnerabile
255,meta-llama/Llama-3.1-8B-Instruct,31,Top-Probing,3,Vulnerabile,Vulnerabile
256,meta-llama/Llama-3.1-8B-Instruct,31,Top-Probing,3,Vulnerabile,Vulnerabile
257,meta-llama/Llama-3.1-8B-Instruct,31,Top-Probing,3,Vulnerabile,Vulnerabile
258,meta-llama/Llama-3.1-8B-Instruct,31,Top-Probing,3,Vulnerabile,Vulnerabile
259,meta-llama/Llama-3.1-8B-Instruct,31,Top-Probing,3,Vulnerabile,Vulnerabile
260,meta-llama/Llama-3.1-8B-Instruct,31,Top-Probing,3,Vulnerabile,Vulnerabile
261,meta-llama/Llama-3.1-8B-Instruct,31,Top-Probing,3,Vulnerabile,Vulnerabile
262,meta-llama/Llama-3.1-8B-Instruct,31,Top-Probing,3,Vulnerabile,Vulnerabile
263,meta-llama/Llama-3.1-8B-Instruct,31,Top-Probing,3,Vulnerabile,Vulnerabile
264,meta-llama/Llama-3.1-8B-Instruct,31,Top-Probing,3,Vulnerabile,Vulnerabile
265,meta-llama/Llama-3.1-8B-Instruct,31,Top-Probing,3,Vulnerabile,Vulnerabile
266,meta-llama/Llama-3.1-8B-Instruct,31,Top-Probing,3,Vulnerabile,Vulnerabile
267,meta-llama/Llama-3.1-8B-Instruct,31,Top-Probing,3,Vulnerabile,Vulnerabile
268,meta-llama/Llama-3.1-8B-Instruct,31,Top-Probing,3,Vulnerabile,Vulnerabile
269,meta-llama/Llama-3.1-8B-Instruct,31,Top-Probing,3,Vulnerabile,Vulnerabile
270,meta-llama/Llama-3.1-8B-Instruct,31,Top-Probing,3,Vulnerabile,Vulnerabile
271,meta-llama/Llama-3.1-8B-Instruct,31,Top-Probing,3,Vulnerabile,Vulnerabile
272,meta-llama/Llama-3.1-8B-Instruct,31,Top-Probing,3,Vulnerabile,Vulnerabile
273,meta-llama/Llama-3.1-8B-Instruct,31,Top-Probing,3,Vulnerabile,Vulnerabile
274,meta-llama/Llama-3.1-8B-Instruct,31,Top-Probing,3,Vulnerabile,Vulnerabile
275,meta-llama/Llama-3.1-8B-Instruct,31,Top-Probing,3,Vulnerabile,Vulnerabile
276,meta-llama/Llama-3.1-8B-Instruct,31,Top-Probing,3,Vulnerabile,Vulnerabile
277,meta-llama/Llama-3.1-8B-Instruct,31,Top-Probing,3,Vulnerabile,Vulnerabile
278,meta-llama/Llama-3.1-8B-Instruct,31,Top-Probing,3,Vulnerabile,Vulnerabile
279,meta-llama/Llama-3.1-8B-Instruct,31,Top-Probing,3,Vulnerabile,Vulnerabile
280,meta-llama/Llama-3.1-8B-Instruct,31,Top-Probing,3,Vulnerabile,Vulnerabile
281,meta-llama/Llama-3.1-8B-Instruct,31,Top-Probing,3,Vulnerabile,Vulnerabile
282,meta-llama/Llama-3.1-8B-Instruct,31,Top-Probing,3,Vulnerabile,Vulnerabile
283,meta-llama/Llama-3.1-8B-Instruct,31,Top-Probing,3,Vulnerabile,Vulnerabile
284,meta-llama/Llama-3.1-8B-Instruct,31,Top-Probing,3,Vulnerabile,Vulnerabile
285,meta-llama/Llama-3.1-8B-Instruct,31,Top-Probing,3,Vulnerabile,Vulnerabile
286,meta-llama/Llama-3.1-8B-Instruct,31,Top-Probing,3,Vulnerabile,Vulnerabile
287,meta-llama/Llama-3.1-8B-Instruct,31,Top-Probing,3,Vulnerabile,Vulnerabile
288,meta-llama/Llama-3.1-8B-Instruct,31,Top-Probing,3,Vulnerabile,Vulnerabile
289,meta-llama/Llama-3.1-8B-Instruct,31,Top-Probing,3,Vulnerabile,Vulnerabile
290,meta-llama/Llama-3.1-8B-Instruct,31,Top-Probing,3,Vulnerabile,Vulnerabile
291,meta-llama/Llama-3.1-8B-Instruct,31,Top-Probing,3,Vulnerabile,Vulnerabile
292,meta-llama/Llama-3.1-8B-Instruct,31,Top-Probing,3,Vulnerabile,Vulnerabile
293,meta-llama/Llama-3.1-8B-Instruct,31,Top-Probing,3,Vulnerabile,Vulnerabile
294,meta-llama/Llama-3.1-8B-Instruct,31,Top-Probing,3,Vulnerabile,Vulnerabile
295,meta-llama/Llama-3.1-8B-Instruct,31,Top-Probing,3,Vulnerabile,Vulnerabile
296,meta-llama/Llama-3.1-8B-Instruct,31,Top-Probing,3,Vulnerabile,Vulnerabile
297,meta-llama/Llama-3.1-8B-Instruct,31,Top-Probing,3,Vulnerabile,Vulnerabile
298,meta-llama/Llama-3.1-8B-Instruct,31,Top-Probing,3,Vulnerabile,Vulnerabile
299,meta-llama/Llama-3.1-8B-Instruct,31,Top-Probing,3,Vulnerabile,Vulnerabile
300,meta-llama/Llama-3.1-8B-Instruct,31,Top-Probing,3,Vulnerabile,Vulnerabile
301,meta-llama/Llama-3.1-8B-Instruct,31,Top-Probing,3,Vulnerabile,Vulnerabile
302,meta-llama/Llama-3.1-8B-Instruct,31,Top-Probing,3,Vulnerabile,Vulnerabile
303,meta-llama/Llama-3.1-8B-Instruct,31,Top-Probing,3,Vulnerabile,Vulnerabile
304,meta-llama/Llama-3.1-8B-Instruct,31,Top-Probing,3,Vulnerabile,Vulnerabile
305,meta-llama/Llama-3.1-8B-Instruct,31,Top-Probing,3,Vulnerabile,Vulnerabile
306,meta-llama/Llama-3.1-8B-Instruct,31,Top-Probing,3,Vulnerabile,Vulnerabile
307,meta-llama/Llama-3.1-8B-Instruct,31,Top-Probing,3,Vulnerabile,Vulnerabile
308,meta-llama/Llama-3.1-8B-Instruct,31,Top-Probing,3,Vulnerabile,Vulnerabile
309,meta-llama/Llama-3.1-8B-Instruct,31,Top-Probing,3,Vulnerabile,Vulnerabile
310,meta-llama/Llama-3.1-8B-Instruct,31,Top-Probing,3,Vulnerabile,Vulnerabile
311,meta-llama/Llama-3.1-8B-Instruct,31,Top-Probing,3,Vulnerabile,Vulnerabile
312,meta-llama/Llama-3.1-8B-Instruct,31,Top-Probing,3,Vulnerabile,Vulnerabile
313,meta-llama/Llama-3.1-8B-Instruct,31,Top-Probing,3,Vulnerabile,Vulnerabile
314,meta-llama/Llama-3.1-8B-Instruct,31,Top-Probing,3,Vulnerabile,Vulnerabile
315,meta-llama/Llama-3.1-8B-Instruct,31,Top-Probing,3,Vulnerabile,Vulnerabile
316,meta-llama/Llama-3.1-8B-Instruct,31,Top-Probing,3,Vulnerabile,Vulnerabile
317,meta-llama/Llama-3.1-8B-Instruct,31,Top-Probing,3,Vulnerabile,Vulnerabile
318,meta-llama/Llama-3.1-8B-Instruct,31,Top-Probing,3,Vulnerabile,Vulnerabile
319,meta-llama/Llama-3.1-8B-Instruct,31,Top-Probing,3,Vulnerabile,Vulnerabile
320,meta-llama/Llama-3.1-8B-Instruct,31,Top-Probing,3,Vulnerabile,Vulnerabile
321,meta-llama/Llama-3.1-8B-Instruct,31,Top-Probing,3,Vulnerabile,Vulnerabile
322,meta-llama/Llama-3.1-8B-Instruct,31,Top-Probing,3,Vulnerabile,Vulnerabile
323,meta-llama/Llama-3.1-8B-Instruct,31,Top-Probing,3,Vulnerabile,Vulnerabile
324,meta-llama/Llama-3.1-8B-Instruct,31,Top-Probing,3,Vulnerabile,Vulnerabile
325,meta-llama/Llama-3.1-8B-Instruct,31,Top-Probing,3,Vulnerabile,Vulnerabile
326,meta-llama/Llama-3.1-8B-Instruct,31,Top-Probing,3,Vulnerabile,Vulnerabile
327,meta-llama/Llama-3.1-8B-Instruct,31,Top-Probing,3,Vulnerabile,Vulnerabile
328,meta-llama/Llama-3.1-8B-Instruct,31,Top-Probing,3,Vulnerabile,Vulnerabile
329,meta-llama/Llama-3.1-8B-Instruct,31,Top-Probing,3,Vulnerabile,Vulnerabile
330,meta-llama/Llama-3.1-8B-Instruct,31,Top-Probing,3,Vulnerabile,Vulnerabile
331,meta-llama/Llama-3.1-8B-Instruct,31,Top-Probing,3,Vulnerabile,Vulnerabile
332,meta-llama/Llama-3.1-8B-Instruct,31,Top-Probing,3,Vulnerabile,Vulnerabile
333,meta-llama/Llama-3.1-8B-Instruct,31,Top-Probing,3,Vulnerabile,Vulnerabile
334,meta-llama/Llama-3.1-8B-Instruct,31,Top-Probing,3,Vulnerabile,Vulnerabile
335,meta-llama/Llama-3.1-8B-Instruct,31,Top-Probing,3,Vulnerabile,Vulnerabile
336,meta-llama/Llama-3.1-8B-Instruct,31,Top-Probing,3,Vulnerabile,Vulnerabile
337,meta-llama/Llama-3.1-8B-Instruct,31,Top-Probing,3,Vulnerabile,Vulnerabile
338,meta-llama/Llama-3.1-8B-Instruct,31,Top-Probing,3,Vulnerabile,Vulnerabile
339,meta-llama/Llama-3.1-8B-Instruct,31,Top-Probing,3,Vulnerabile,Vulnerabile
340,meta-llama/Llama-3.1-8B-Instruct,31,Top-Probing,3,Vulnerabile,Vulnerabile
341,meta-llama/Llama-3.1-8B-Instruct,31,Top-Probing,3,Vulnerabile,Vulnerabile
342,meta-llama/Llama-3.1-8B-Instruct,31,Top-Probing,3,Vulnerabile,Vulnerabile
343,meta-llama/Llama-3.1-8B-Instruct,31,Top-Probing,3,Vulnerabile,Vulnerabile
344,meta-llama/Llama-3.1-8B-Instruct,31,Top-Probing,3,Vulnerabile,Vulnerabile
345,meta-llama/Llama-3.1-8B-Instruct,31,Top-Probing,3,Vulnerabile,Vulnerabile
346,meta-llama/Llama-3.1-8B-Instruct,31,Top-Probing,3,Vulnerabile,Vulnerabile
347,meta-llama/Llama-3.1-8B-Instruct,31,Top-Probing,3,Vulnerabile,Vulnerabile
348,meta-llama/Llama-3.1-8B-Instruct,31,Top-Probing,3,Vulnerabile,Vulnerabile
349,meta-llama/Llama-3.1-8B-Instruct,31,Top-Probing,3,Vulnerabile,Vulnerabile
350,meta-llama/Llama-3.1-8B-Instruct,31,Top-Probing,3,Vulnerabile,Vulnerabile
351,meta-llama/Llama-3.1-8B-Instruct,31,Top-Probing,3,Vulnerabile,Vulnerabile
352,meta-llama/Llama-3.1-8B-Instruct,31,Top-Probing,3,Vulnerabile,Vulnerabile
353,meta-llama/Llama-3.1-8B-Instruct,31,Top-Probing,3,Vulnerabile,Vulnerabile
354,meta-llama/Llama-3.1-8B-Instruct,31,Top-Probing,3,Vulnerabile,Vulnerabile
355,meta-llama/Llama-3.1-8B-Instruct,31,Top-Probing,3,Vulnerabile,Vulnerabile
356,meta-llama/Llama-3.1-8B-Instruct,31,Top-Probing,3,Vulnerabile,Vulnerabile
357,meta-llama/Llama-3.1-8B-Instruct,31,Top-Probing,3,Vulnerabile,Vulnerabile
358,meta-llama/Llama-3.1-8B-Instruct,31,Top-Probing,3,Vulnerabile,Vulnerabile
359,meta-llama/Llama-3.1-8B-Instruct,31,Top-Probing,3,Vulnerabile,Vulnerabile
360,meta-llama/Llama-3.1-8B-Instruct,31,Top-Probing,3,Vulnerabile,Vulnerabile
361,meta-llama/Llama-3.1-8B-Instruct,31,Top-Probing,3,Vulnerabile,Vulnerabile
362,meta-llama/Llama-3.1-8B-Instruct,31,Top-Probing,3,Vulnerabile,Vulnerabile
363,meta-llama/Llama-3.1-8B-Instruct,31,Top-Probing,3,Vulnerabile,Vulnerabile
364,meta-llama/Llama-3.1-8B-Instruct,31,Top-Probing,3,Vulnerabile,Vulnerabile
365,meta-llama/Llama-3.1-8B-Instruct,31,Top-Probing,3,Vulnerabile,Vulnerabile
366,meta-llama/Llama-3.1-8B-Instruct,31,Top-Probing,3,Vulnerabile,Vulnerabile
367,meta-llama/Llama-3.1-8B-Instruct,31,Top-Probing,3,Vulnerabile,Vulnerabile
368,meta-llama/Llama-3.1-8B-Instruct,31,Top-Probing,3,Vulnerabile,Vulnerabile
369,meta-llama/Llama-3.1-8B-Instruct,31,Top-Probing,3,Vulnerabile,Vulnerabile
370,meta-llama/Llama-3.1-8B-Instruct,31,Top-Probing,3,Vulnerabile,Vulnerabile
371,meta-llama/Llama-3.1-8B-Instruct,31,Top-Probing,3,Vulnerabile,Vulnerabile
372,meta-llama/Llama-3.1-8B-Instruct,31,Top-Probing,3,Vulnerabile,Vulnerabile
373,meta-llama/Llama-3.1-8B-Instruct,31,Top-Probing,3,Vulnerabile,Vulnerabile
374,meta-llama/Llama-3.1-8B-Instruct,31,Top-Probing,3,Vulnerabile,Vulnerabile
375,meta-llama/Llama-3.1-8B-Instruct,31,Top-Probing,3,Vulnerabile,Vulnerabile
376,meta-llama/Llama-3.1-8B-Instruct,31,Top-Probing,3,Vulnerabile,Vulnerabile
377,meta-llama/Llama-3.1-8B-Instruct,31,Top-Probing,3,Vulnerabile,Vulnerabile
378,meta-llama/Llama-3.1-8B-Instruct,31,Top-Probing,3,Vulnerabile,Vulnerabile
379,meta-llama/Llama-3.1-8B-Instruct,31,Top-Probing,3,Vulnerabile,Vulnerabile
380,meta-llama/Llama-3.1-8B-Instruct,31,Top-Probing,3,Vulnerabile,Vulnerabile
381,meta-llama/Llama-3.1-8B-Instruct,31,Top-Probing,3,Vulnerabile,Vulnerabile
382,meta-llama/Llama-3.1-8B-Instruct,31,Top-Probing,3,Vulnerabile,Vulnerabile
383,meta-llama/Llama-3.1-8B-Instruct,31,Top-Probing,3,Vulnerabile,Vulnerabile
384,meta-llama/Llama-3.1-8B-Instruct,31,Top-Probing,3,Vulnerabile,Vulnerabile
385,meta-llama/Llama-3.1-8B-Instruct,31,Top-Probing,3,Vulnerabile,Vulnerabile
386,meta-llama/Llama-3.1-8B-Instruct,31,Top-Probing,3,Vulnerabile,Vulnerabile
387,meta-llama/Llama-3.1-8B-Instruct,31,Top-Probing,3,Vulnerabile,Vulnerabile
388,meta-llama/Llama-3.1-8B-Instruct,31,Top-Probing,3,Vulnerabile,Vulnerabile
389,meta-llama/Llama-3.1-8B-Instruct,31,Top-Probing,3,Vulnerabile,Vulnerabile
390,meta-llama/Llama-3.1-8B-Instruct,31,Top-Probing,3,Vulnerabile,Vulnerabile
391,meta-llama/Llama-3.1-8B-Instruct,31,Top-Probing,3,Vulnerabile,Vulnerabile
392,meta-llama/Llama-3.1-8B-Instruct,31,Top-Probing,3,Vulnerabile,Vulnerabile
393,meta-llama/Llama-3.1-8B-Instruct,31,Top-Probing,3,Vulnerabile,Vulnerabile
394,meta-llama/Llama-3.1-8B-Instruct,31,Top-Probing,3,Vulnerabile,Vulnerabile
395,meta-llama/Llama-3.1-8B-Instruct,31,Top-Probing,3,Vulnerabile,Vulnerabile
396,meta-llama/Llama-3.1-8B-Instruct,31,Top-Probing,3,Vulnerabile,Vulnerabile
397,meta-llama/Llama-3.1-8B-Instruct,31,Top-Probing,3,Vulnerabile,Vulnerabile
398,meta-llama/Llama-3.1-8B-Instruct,31,Top-Probing,3,Vulnerabile,Vulnerabile
399,meta-llama/Llama-3.1-8B-Instruct,31,Top-Probing,3,Vulnerabile,Vulnerabile
400,meta-llama/Llama-3.1-8B-Instruct,31,Top-Probing,3,Vulnerabile,Vulnerabile
401,meta-llama/Llama-3.1-8B-Instruct,31,Top-Probing,3,Vulnerabile,Vulnerabile
402,meta-llama/Llama-3.1-8B-Instruct,31,Top-Probing,3,Vulnerabile,Vulnerabile
403,meta-llama/Llama-3.1-8B-Instruct,31,Top-Probing,3,Vulnerabile,Vulnerabile
404,meta-llama/Llama-3.1-8B-Instruct,31,Top-Probing,3,Vulnerabile,Vulnerabile
405,meta-llama/Llama-3.1-8B-Instruct,31,Top-Probing,3,Vulnerabile,Vulnerabile
406,meta-llama/Llama-3.1-8B-Instruct,31,Top-Probing,3,Vulnerabile,Vulnerabile
407,meta-llama/Llama-3.1-8B-Instruct,31,Top-Probing,3,Vulnerabile,Vulnerabile
408,meta-llama/Llama-3.1-8B-Instruct,31,Top-Probing,3,Vulnerabile,Vulnerabile
409,meta-llama/Llama-3.1-8B-Instruct,31,Top-Probing,3,Vulnerabile,Vulnerabile
410,meta-llama/Llama-3.1-8B-Instruct,31,Top-Probing,3,Vulnerabile,Vulnerabile
411,meta-llama/Llama-3.1-8B-Instruct,31,Top-Probing,3,Vulnerabile,Vulnerabile
412,meta-llama/Llama-3.1-8B-Instruct,31,Top-Probing,3,Vulnerabile,Vulnerabile
413,meta-llama/Llama-3.1-8B-Instruct,31,Top-Probing,3,Vulnerabile,Vulnerabile
414,meta-llama/Llama-3.1-8B-Instruct,31,Top-Probing,3,Vulnerabile,Vulnerabile
415,meta-llama/Llama-3.1-8B-Instruct,31,Top-Probing,3,Vulnerabile,Vulnerabile
416,meta-llama/Llama-3.1-8B-Instruct,31,Top-Probing,3,Vulnerabile,Vulnerabile
417,meta-llama/Llama-3.1-8B-Instruct,31,Top-Probing,3,Vulnerabile,Vulnerabile
418,meta-llama/Llama-3.1-8B-Instruct,31,Top-Probing,3,Vulnerabile,Vulnerabile
419,meta-llama/Llama-3.1-8B-Instruct,31,Top-Probing,3,Vulnerabile,Vulnerabile
420,meta-llama/Llama-3.1-8B-Instruct,31,Top-Probing,3,Vulnerabile,Vulnerabile
421,meta-llama/Llama-3.1-8B-Instruct,31,Top-Probing,3,Vulnerabile,Vulnerabile
422,meta-llama/Llama-3.1-8B-Instruct,31,Top-Probing,3,Vulnerabile,Vulnerabile
423,meta-llama/Llama-3.1-8B-Instruct,31,Top-Probing,3,Vulnerabile,Vulnerabile
424,meta-llama/Llama-3.1-8B-Instruct,31,Top-Probing,3,Vulnerabile,Vulnerabile
425,meta-llama/Llama-3.1-8B-Instruct,31,Top-Probing,3,Vulnerabile,Vulnerabile
426,meta-llama/Llama-3.1-8B-Instruct,31,Top-Probing,3,Vulnerabile,Vulnerabile
427,meta-llama/Llama-3.1-8B-Instruct,31,Top-Probing,3,Vulnerabile,Vulnerabile
428,meta-llama/Llama-3.1-8B-Instruct,31,Top-Probing,3,Vulnerabile,Vulnerabile
429,meta-llama/Llama-3.1-8B-Instruct,31,Top-Probing,3,Vulnerabile,Vulnerabile
430,meta-llama/Llama-3.1-8B-Instruct,31,Top-Probing,3,Vulnerabile,Vulnerabile
431,meta-llama/Llama-3.1-8B-Instruct,31,Top-Probing,3,Vulnerabile,Vulnerabile
432,meta-llama/Llama-3.1-8B-Instruct,31,Top-Probing,3,Vulnerabile,Vulnerabile
433,meta-llama/Llama-3.1-8B-Instruct,31,Top-Probing,3,Vulnerabile,Vulnerabile
434,meta-llama/Llama-3.1-8B-Instruct,31,Top-Probing,3,Vulnerabile,Vulnerabile
435,meta-llama/Llama-3.1-8B-Instruct,31,Top-Probing,3,Vulnerabile,Vulnerabile
436,meta-llama/Llama-3.1-8B-Instruct,31,Top-Probing,3,Vulnerabile,Vulnerabile
437,meta-llama/Llama-3.1-8B-Instruct,31,Top-Probing,3,Vulnerabile,Vulnerabile
438,meta-llama/Llama-3.1-8B-Instruct,31,Top-Probing,3,Vulnerabile,Vulnerabile
439,meta-llama/Llama-3.1-8B-Instruct,31,Top-Probing,3,Vulnerabile,Vulnerabile
440,meta-llama/Llama-3.1-8B-Instruct,31,Top-Probing,3,Vulnerabile,Vulnerabile
441,meta-llama/Llama-3.1-8B-Instruct,31,Top-Probing,3,Vulnerabile,Vulnerabile
442,meta-llama/Llama-3.1-8B-Instruct,31,Top-Probing,3,Vulnerabile,Vulnerabile
443,meta-llama/Llama-3.1-8B-Instruct,31,Top-Probing,3,Vulnerabile,Vulnerabile
444,meta-llama/Llama-3.1-8B-Instruct,31,Top-Probing,3,Vulnerabile,Vulnerabile
445,meta-llama/Llama-3.1-8B-Instruct,31,Top-Probing,3,Vulnerabile,Vulnerabile
446,meta-llama/Llama-3.1-8B-Instruct,31,Top-Probing,3,Vulnerabile,Vulnerabile
447,meta-llama/Llama-3.1-8B-Instruct,31,Top-Probing,3,Vulnerabile,Vulnerabile
448,meta-llama/Llama-3.1-8B-Instruct,31,Top-Probing,3,Vulnerabile,Vulnerabile
449,meta-llama/Llama-3.1-8B-Instruct,31,Top-Probing,3,Vulnerabile,Vulnerabile
450,meta-llama/Llama-3.1-8B-Instruct,31,Top-Probing,3,Vulnerabile,Vulnerabile
451,meta-llama/Llama-3.1-8B-Instruct,31,Top-Probing,3,Vulnerabile,Vulnerabile
452,meta-llama/Llama-3.1-8B-Instruct,31,Top-Probing,3,Vulnerabile,Vulnerabile
453,meta-llama/Llama-3.1-8B-Instruct,31,Top-Probing,3,Vulnerabile,Vulnerabile
454,meta-llama/Llama-3.1-8B-Instruct,31,Top-Probing,3,Vulnerabile,Vulnerabile
455,meta-llama/Llama-3.1-8B-Instruct,31,Top-Probing,3,Vulnerabile,Vulnerabile
456,meta-llama/Llama-3.1-8B-Instruct,31,Top-Probing,3,Vulnerabile,Vulnerabile
457,meta-llama/Llama-3.1-8B-Instruct,31,Top-Probing,3,Vulnerabile,Vulnerabile
458,meta-llama/Llama-3.1-8B-Instruct,31,Top-Probing,3,Vulnerabile,Vulnerabile
459,meta-llama/Llama-3.1-8B-Instruct,31,Top-Probing,3,Vulnerabile,Vulnerabile
460,meta-llama/Llama-3.1-8B-Instruct,31,Top-Probing,3,Vulnerabile,Vulnerabile
461,meta-llama/Llama-3.1-8B-Instruct,31,Top-Probing,3,Vulnerabile,Vulnerabile
462,meta-llama/Llama-3.1-8B-Instruct,31,Top-Probing,3,Vulnerabile,Vulnerabile
463,meta-llama/Llama-3.1-8B-Instruct,31,Top-Probing,3,Vulnerabile,Vulnerabile
464,meta-llama/Llama-3.1-8B-Instruct,31,Top-Probing,3,Vulnerabile,Vulnerabile
465,meta-llama/Llama-3.1-8B-Instruct,31,Top-Probing,3,Vulnerabile,Vulnerabile
466,meta-llama/Llama-3.1-8B-Instruct,31,Top-Probing,3,Vulnerabile,Vulnerabile
467,meta-llama/Llama-3.1-8B-Instruct,31,Top-Probing,3,Vulnerabile,Sicuro
468,meta-llama/Llama-3.1-8B-Instruct,31,Top-Probing,3,Vulnerabile,Vulnerabile
469,meta-llama/Llama-3.1-8B-Instruct,31,Top-Probing,3,Vulnerabile,Vulnerabile
470,meta-llama/Llama-3.1-8B-Instruct,31,Top-Probing,3,Vulnerabile,Vulnerabile
471,meta-llama/Llama-3.1-8B-Instruct,31,Top-Probing,3,Vulnerabile,Vulnerabile
472,meta-llama/Llama-3.1-8B-Instruct,31,Top-Probing,3,Vulnerabile,Vulnerabile
473,meta-llama/Llama-3.1-8B-Instruct,31,Top-Probing,3,Vulnerabile,Vulnerabile
474,meta-llama/Llama-3.1-8B-Instruct,31,Top-Probing,3,Vulnerabile,Vulnerabile
475,meta-llama/Llama-3.1-8B-Instruct,31,Top-Probing,3,Vulnerabile,Vulnerabile
476,meta-llama/Llama-3.1-8B-Instruct,31,Top-Probing,3,Vulnerabile,Vulnerabile
477,meta-llama/Llama-3.1-8B-Instruct,31,Top-Probing,3,Vulnerabile,Vulnerabile
478,meta-llama/Llama-3.1-8B-Instruct,31,Top-Probing,3,Vulnerabile,Vulnerabile
479,meta-llama/Llama-3.1-8B-Instruct,31,Top-Probing,3,Vulnerabile,Vulnerabile
480,meta-llama/Llama-3.1-8B-Instruct,31,Top-Probing,3,Vulnerabile,Vulnerabile
481,meta-llama/Llama-3.1-8B-Instruct,31,Top-Probing,3,Vulnerabile,Vulnerabile
482,meta-llama/Llama-3.1-8B-Instruct,31,Top-Probing,3,Vulnerabile,Vulnerabile
483,meta-llama/Llama-3.1-8B-Instruct,31,Top-Probing,3,Vulnerabile,Vulnerabile
484,meta-llama/Llama-3.1-8B-Instruct,31,Top-Probing,3,Vulnerabile,Vulnerabile
485,meta-llama/Llama-3.1-8B-Instruct,31,Top-Probing,3,Vulnerabile,Vulnerabile
486,meta-llama/Llama-3.1-8B-Instruct,31,Top-Probing,3,Vulnerabile,Vulnerabile
487,meta-llama/Llama-3.1-8B-Instruct,31,Top-Probing,3,Vulnerabile,Vulnerabile
488,meta-llama/Llama-3.1-8B-Instruct,31,Top-Probing,3,Vulnerabile,Vulnerabile
489,meta-llama/Llama-3.1-8B-Instruct,31,Top-Probing,3,Vulnerabile,Vulnerabile
490,meta-llama/Llama-3.1-8B-Instruct,31,Top-Probing,3,Vulnerabile,Vulnerabile
491,meta-llama/Llama-3.1-8B-Instruct,31,Top-Probing,3,Vulnerabile,Vulnerabile
492,meta-llama/Llama-3.1-8B-Instruct,31,Top-Probing,3,Vulnerabile,Vulnerabile
493,meta-llama/Llama-3.1-8B-Instruct,31,Top-Probing,3,Vulnerabile,Vulnerabile
494,meta-llama/Llama-3.1-8B-Instruct,31,Top-Probing,3,Vulnerabile,Vulnerabile
495,meta-llama/Llama-3.1-8B-Instruct,31,Top-Probing,3,Vulnerabile,Vulnerabile
496,meta-llama/Llama-3.1-8B-Instruct,31,Top-Probing,3,Vulnerabile,Vulnerabile
497,meta-llama/Llama-3.1-8B-Instruct,31,Top-Probing,3,Vulnerabile,Vulnerabile
498,codellama/CodeLlama-7b-Instruct-hf,29,Top-Probing,15,Vulnerabile,Vulnerabile
499,codellama/CodeLlama-7b-Instruct-hf,29,Top-Probing,15,Vulnerabile,Vulnerabile
500,codellama/CodeLlama-7b-Instruct-hf,29,Top-Probing,15,Vulnerabile,Vulnerabile
501,codellama/CodeLlama-7b-Instruct-hf,29,Top-Probing,15,Vulnerabile,Vulnerabile
502,codellama/CodeLlama-7b-Instruct-hf,29,Top-Probing,15,Vulnerabile,Vulnerabile
503,codellama/CodeLlama-7b-Instruct-hf,29,Top-Probing,15,Vulnerabile,Vulnerabile
504,codellama/CodeLlama-7b-Instruct-hf,29,Top-Probing,15,Vulnerabile,Vulnerabile
505,codellama/CodeLlama-7b-Instruct-hf,29,Top-Probing,15,Vulnerabile,Vulnerabile
506,codellama/CodeLlama-7b-Instruct-hf,29,Top-Probing,15,Vulnerabile,Vulnerabile
507,codellama/CodeLlama-7b-Instruct-hf,29,Top-Probing,15,Vulnerabile,Non Classificato
508,codellama/CodeLlama-7b-Instruct-hf,29,Top-Probing,15,Vulnerabile,Vulnerabile
509,codellama/CodeLlama-7b-Instruct-hf,29,Top-Probing,15,Vulnerabile,Vulnerabile
510,codellama/CodeLlama-7b-Instruct-hf,29,Top-Probing,15,Vulnerabile,Vulnerabile
511,codellama/CodeLlama-7b-Instruct-hf,29,Top-Probing,15,Vulnerabile,Vulnerabile
512,codellama/CodeLlama-7b-Instruct-hf,29,Top-Probing,15,Vulnerabile,Vulnerabile
513,codellama/CodeLlama-7b-Instruct-hf,29,Top-Probing,15,Vulnerabile,Vulnerabile
514,codellama/CodeLlama-7b-Instruct-hf,29,Top-Probing,15,Vulnerabile,Vulnerabile
515,codellama/CodeLlama-7b-Instruct-hf,29,Top-Probing,15,Vulnerabile,Vulnerabile
516,codellama/CodeLlama-7b-Instruct-hf,29,Top-Probing,15,Vulnerabile,Vulnerabile
517,codellama/CodeLlama-7b-Instruct-hf,29,Top-Probing,15,Vulnerabile,Vulnerabile
518,codellama/CodeLlama-7b-Instruct-hf,29,Top-Probing,15,Vulnerabile,Vulnerabile
519,codellama/CodeLlama-7b-Instruct-hf,29,Top-Probing,15,Vulnerabile,Vulnerabile
520,codellama/CodeLlama-7b-Instruct-hf,29,Top-Probing,15,Vulnerabile,Vulnerabile
521,codellama/CodeLlama-7b-Instruct-hf,29,Top-Probing,15,Vulnerabile,Vulnerabile
522,codellama/CodeLlama-7b-Instruct-hf,29,Top-Probing,15,Vulnerabile,Vulnerabile
523,codellama/CodeLlama-7b-Instruct-hf,29,Top-Probing,15,Vulnerabile,Vulnerabile
524,codellama/CodeLlama-7b-Instruct-hf,29,Top-Probing,15,Vulnerabile,Vulnerabile
525,codellama/CodeLlama-7b-Instruct-hf,29,Top-Probing,15,Vulnerabile,Vulnerabile
526,codellama/CodeLlama-7b-Instruct-hf,29,Top-Probing,15,Vulnerabile,Sicuro
527,codellama/CodeLlama-7b-Instruct-hf,29,Top-Probing,15,Vulnerabile,Vulnerabile
528,codellama/CodeLlama-7b-Instruct-hf,29,Top-Probing,15,Vulnerabile,Vulnerabile
529,codellama/CodeLlama-7b-Instruct-hf,29,Top-Probing,15,Vulnerabile,Vulnerabile
530,codellama/CodeLlama-7b-Instruct-hf,29,Top-Probing,15,Vulnerabile,Sicuro
531,codellama/CodeLlama-7b-Instruct-hf,29,Top-Probing,15,Vulnerabile,Vulnerabile
532,codellama/CodeLlama-7b-Instruct-hf,29,Top-Probing,15,Vulnerabile,Vulnerabile
533,codellama/CodeLlama-7b-Instruct-hf,29,Top-Probing,15,Vulnerabile,Vulnerabile
534,codellama/CodeLlama-7b-Instruct-hf,29,Top-Probing,15,Vulnerabile,Vulnerabile
535,codellama/CodeLlama-7b-Instruct-hf,29,Top-Probing,15,Vulnerabile,Vulnerabile
536,codellama/CodeLlama-7b-Instruct-hf,29,Top-Probing,15,Vulnerabile,Vulnerabile
537,codellama/CodeLlama-7b-Instruct-hf,29,Top-Probing,15,Vulnerabile,Vulnerabile
538,codellama/CodeLlama-7b-Instruct-hf,29,Top-Probing,15,Vulnerabile,Vulnerabile
539,codellama/CodeLlama-7b-Instruct-hf,29,Top-Probing,15,Vulnerabile,Vulnerabile
540,codellama/CodeLlama-7b-Instruct-hf,29,Top-Probing,15,Vulnerabile,Vulnerabile
541,codellama/CodeLlama-7b-Instruct-hf,29,Top-Probing,15,Vulnerabile,Vulnerabile
542,codellama/CodeLlama-7b-Instruct-hf,29,Top-Probing,15,Vulnerabile,Vulnerabile
543,codellama/CodeLlama-7b-Instruct-hf,29,Top-Probing,15,Vulnerabile,Vulnerabile
544,codellama/CodeLlama-7b-Instruct-hf,29,Top-Probing,15,Vulnerabile,Sicuro
545,codellama/CodeLlama-7b-Instruct-hf,29,Top-Probing,15,Vulnerabile,Vulnerabile
546,codellama/CodeLlama-7b-Instruct-hf,29,Top-Probing,15,Vulnerabile,Vulnerabile
547,codellama/CodeLlama-7b-Instruct-hf,29,Top-Probing,15,Vulnerabile,Vulnerabile
548,codellama/CodeLlama-7b-Instruct-hf,29,Top-Probing,15,Vulnerabile,Vulnerabile
549,codellama/CodeLlama-7b-Instruct-hf,29,Top-Probing,15,Vulnerabile,Vulnerabile
550,codellama/CodeLlama-7b-Instruct-hf,29,Top-Probing,15,Vulnerabile,Vulnerabile
551,codellama/CodeLlama-7b-Instruct-hf,29,Top-Probing,15,Vulnerabile,Vulnerabile
552,codellama/CodeLlama-7b-Instruct-hf,29,Top-Probing,15,Vulnerabile,Vulnerabile
553,codellama/CodeLlama-7b-Instruct-hf,29,Top-Probing,15,Vulnerabile,Vulnerabile
554,codellama/CodeLlama-7b-Instruct-hf,29,Top-Probing,15,Vulnerabile,Vulnerabile
555,codellama/CodeLlama-7b-Instruct-hf,29,Top-Probing,15,Vulnerabile,Vulnerabile
556,codellama/CodeLlama-7b-Instruct-hf,29,Top-Probing,15,Vulnerabile,Vulnerabile
557,codellama/CodeLlama-7b-Instruct-hf,29,Top-Probing,15,Vulnerabile,Vulnerabile
558,codellama/CodeLlama-7b-Instruct-hf,29,Top-Probing,15,Vulnerabile,Vulnerabile
559,codellama/CodeLlama-7b-Instruct-hf,29,Top-Probing,15,Vulnerabile,Vulnerabile
560,codellama/CodeLlama-7b-Instruct-hf,29,Top-Probing,15,Vulnerabile,Vulnerabile
561,codellama/CodeLlama-7b-Instruct-hf,29,Top-Probing,15,Vulnerabile,Vulnerabile
562,codellama/CodeLlama-7b-Instruct-hf,29,Top-Probing,15,Vulnerabile,Vulnerabile
563,codellama/CodeLlama-7b-Instruct-hf,29,Top-Probing,15,Vulnerabile,Vulnerabile
564,codellama/CodeLlama-7b-Instruct-hf,29,Top-Probing,15,Vulnerabile,Vulnerabile
565,codellama/CodeLlama-7b-Instruct-hf,29,Top-Probing,15,Vulnerabile,Vulnerabile
566,codellama/CodeLlama-7b-Instruct-hf,29,Top-Probing,15,Vulnerabile,Vulnerabile
567,codellama/CodeLlama-7b-Instruct-hf,29,Top-Probing,15,Vulnerabile,Vulnerabile
568,codellama/CodeLlama-7b-Instruct-hf,29,Top-Probing,15,Vulnerabile,Vulnerabile
569,codellama/CodeLlama-7b-Instruct-hf,29,Top-Probing,15,Vulnerabile,Vulnerabile
570,codellama/CodeLlama-7b-Instruct-hf,29,Top-Probing,15,Vulnerabile,Vulnerabile
571,codellama/CodeLlama-7b-Instruct-hf,29,Top-Probing,15,Vulnerabile,Vulnerabile
572,codellama/CodeLlama-7b-Instruct-hf,29,Top-Probing,15,Vulnerabile,Vulnerabile
573,codellama/CodeLlama-7b-Instruct-hf,29,Top-Probing,15,Vulnerabile,Vulnerabile
574,codellama/CodeLlama-7b-Instruct-hf,29,Top-Probing,15,Vulnerabile,Vulnerabile
575,codellama/CodeLlama-7b-Instruct-hf,29,Top-Probing,15,Vulnerabile,Sicuro
576,codellama/CodeLlama-7b-Instruct-hf,29,Top-Probing,15,Vulnerabile,Vulnerabile
577,codellama/CodeLlama-7b-Instruct-hf,29,Top-Probing,15,Vulnerabile,Vulnerabile
578,codellama/CodeLlama-7b-Instruct-hf,29,Top-Probing,15,Vulnerabile,Vulnerabile
579,codellama/CodeLlama-7b-Instruct-hf,29,Top-Probing,15,Vulnerabile,Vulnerabile
580,codellama/CodeLlama-7b-Instruct-hf,29,Top-Probing,15,Vulnerabile,Vulnerabile
581,codellama/CodeLlama-7b-Instruct-hf,29,Top-Probing,15,Vulnerabile,Vulnerabile
582,codellama/CodeLlama-7b-Instruct-hf,29,Top-Probing,15,Vulnerabile,Vulnerabile
583,codellama/CodeLlama-7b-Instruct-hf,29,Top-Probing,15,Vulnerabile,Vulnerabile
584,codellama/CodeLlama-7b-Instruct-hf,29,Top-Probing,15,Vulnerabile,Vulnerabile
585,codellama/CodeLlama-7b-Instruct-hf,29,Top-Probing,15,Vulnerabile,Vulnerabile
586,codellama/CodeLlama-7b-Instruct-hf,29,Top-Probing,15,Vulnerabile,Vulnerabile
587,codellama/CodeLlama-7b-Instruct-hf,29,Top-Probing,15,Vulnerabile,Vulnerabile
588,codellama/CodeLlama-7b-Instruct-hf,29,Top-Probing,15,Vulnerabile,Sicuro
589,codellama/CodeLlama-7b-Instruct-hf,29,Top-Probing,15,Vulnerabile,Vulnerabile
590,codellama/CodeLlama-7b-Instruct-hf,29,Top-Probing,15,Vulnerabile,Vulnerabile
591,codellama/CodeLlama-7b-Instruct-hf,29,Top-Probing,15,Vulnerabile,Vulnerabile
592,codellama/CodeLlama-7b-Instruct-hf,29,Top-Probing,15,Vulnerabile,Vulnerabile
593,codellama/CodeLlama-7b-Instruct-hf,29,Top-Probing,15,Vulnerabile,Sicuro
594,codellama/CodeLlama-7b-Instruct-hf,29,Top-Probing,15,Vulnerabile,Vulnerabile
595,codellama/CodeLlama-7b-Instruct-hf,29,Top-Probing,15,Vulnerabile,Vulnerabile
596,codellama/CodeLlama-7b-Instruct-hf,29,Top-Probing,15,Vulnerabile,Vulnerabile
597,codellama/CodeLlama-7b-Instruct-hf,29,Top-Probing,15,Vulnerabile,Vulnerabile
598,codellama/CodeLlama-7b-Instruct-hf,29,Top-Probing,15,Vulnerabile,Vulnerabile
599,codellama/CodeLlama-7b-Instruct-hf,29,Top-Probing,15,Vulnerabile,Vulnerabile
600,codellama/CodeLlama-7b-Instruct-hf,29,Top-Probing,15,Vulnerabile,Vulnerabile
601,codellama/CodeLlama-7b-Instruct-hf,29,Top-Probing,15,Vulnerabile,Vulnerabile
602,codellama/CodeLlama-7b-Instruct-hf,29,Top-Probing,15,Vulnerabile,Vulnerabile
603,codellama/CodeLlama-7b-Instruct-hf,29,Top-Probing,15,Vulnerabile,Vulnerabile
604,codellama/CodeLlama-7b-Instruct-hf,29,Top-Probing,15,Vulnerabile,Vulnerabile
605,codellama/CodeLlama-7b-Instruct-hf,29,Top-Probing,15,Vulnerabile,Vulnerabile
606,codellama/CodeLlama-7b-Instruct-hf,29,Top-Probing,15,Vulnerabile,Vulnerabile
607,codellama/CodeLlama-7b-Instruct-hf,29,Top-Probing,15,Vulnerabile,Vulnerabile
608,codellama/CodeLlama-7b-Instruct-hf,29,Top-Probing,15,Vulnerabile,Vulnerabile
609,codellama/CodeLlama-7b-Instruct-hf,29,Top-Probing,15,Vulnerabile,Vulnerabile
610,codellama/CodeLlama-7b-Instruct-hf,29,Top-Probing,15,Vulnerabile,Vulnerabile
611,codellama/CodeLlama-7b-Instruct-hf,29,Top-Probing,15,Vulnerabile,Vulnerabile
612,codellama/CodeLlama-7b-Instruct-hf,29,Top-Probing,15,Vulnerabile,Vulnerabile
613,codellama/CodeLlama-7b-Instruct-hf,29,Top-Probing,15,Vulnerabile,Vulnerabile
614,codellama/CodeLlama-7b-Instruct-hf,29,Top-Probing,15,Vulnerabile,Vulnerabile
615,codellama/CodeLlama-7b-Instruct-hf,29,Top-Probing,15,Vulnerabile,Vulnerabile
616,codellama/CodeLlama-7b-Instruct-hf,29,Top-Probing,15,Vulnerabile,Vulnerabile
617,codellama/CodeLlama-7b-Instruct-hf,29,Top-Probing,15,Vulnerabile,Vulnerabile
618,codellama/CodeLlama-7b-Instruct-hf,29,Top-Probing,15,Vulnerabile,Vulnerabile
619,codellama/CodeLlama-7b-Instruct-hf,29,Top-Probing,15,Vulnerabile,Vulnerabile
620,codellama/CodeLlama-7b-Instruct-hf,29,Top-Probing,15,Vulnerabile,Sicuro
621,codellama/CodeLlama-7b-Instruct-hf,29,Top-Probing,15,Vulnerabile,Vulnerabile
622,codellama/CodeLlama-7b-Instruct-hf,29,Top-Probing,15,Vulnerabile,Vulnerabile
623,codellama/CodeLlama-7b-Instruct-hf,29,Top-Probing,15,Vulnerabile,Vulnerabile
624,codellama/CodeLlama-7b-Instruct-hf,29,Top-Probing,15,Vulnerabile,Vulnerabile
625,codellama/CodeLlama-7b-Instruct-hf,29,Top-Probing,15,Vulnerabile,Vulnerabile
626,codellama/CodeLlama-7b-Instruct-hf,29,Top-Probing,15,Vulnerabile,Vulnerabile
627,codellama/CodeLlama-7b-Instruct-hf,29,Top-Probing,15,Vulnerabile,Vulnerabile
628,codellama/CodeLlama-7b-Instruct-hf,29,Top-Probing,15,Vulnerabile,Vulnerabile
629,codellama/CodeLlama-7b-Instruct-hf,29,Top-Probing,15,Vulnerabile,Vulnerabile
630,codellama/CodeLlama-7b-Instruct-hf,29,Top-Probing,15,Vulnerabile,Vulnerabile
631,codellama/CodeLlama-7b-Instruct-hf,29,Top-Probing,15,Vulnerabile,Vulnerabile
632,codellama/CodeLlama-7b-Instruct-hf,29,Top-Probing,15,Vulnerabile,Vulnerabile
633,codellama/CodeLlama-7b-Instruct-hf,29,Top-Probing,15,Vulnerabile,Vulnerabile
634,codellama/CodeLlama-7b-Instruct-hf,29,Top-Probing,15,Vulnerabile,Vulnerabile
635,codellama/CodeLlama-7b-Instruct-hf,29,Top-Probing,15,Vulnerabile,Sicuro
636,codellama/CodeLlama-7b-Instruct-hf,29,Top-Probing,15,Vulnerabile,Vulnerabile
637,codellama/CodeLlama-7b-Instruct-hf,29,Top-Probing,15,Vulnerabile,Vulnerabile
638,codellama/CodeLlama-7b-Instruct-hf,29,Top-Probing,15,Vulnerabile,Vulnerabile
639,codellama/CodeLlama-7b-Instruct-hf,29,Top-Probing,15,Vulnerabile,Vulnerabile
640,codellama/CodeLlama-7b-Instruct-hf,29,Top-Probing,15,Vulnerabile,Vulnerabile
641,codellama/CodeLlama-7b-Instruct-hf,29,Top-Probing,15,Vulnerabile,Vulnerabile
642,codellama/CodeLlama-7b-Instruct-hf,29,Top-Probing,15,Vulnerabile,Vulnerabile
643,codellama/CodeLlama-7b-Instruct-hf,29,Top-Probing,15,Vulnerabile,Vulnerabile
644,codellama/CodeLlama-7b-Instruct-hf,29,Top-Probing,15,Vulnerabile,Vulnerabile
645,codellama/CodeLlama-7b-Instruct-hf,29,Top-Probing,15,Vulnerabile,Vulnerabile
646,codellama/CodeLlama-7b-Instruct-hf,29,Top-Probing,15,Vulnerabile,Vulnerabile
647,codellama/CodeLlama-7b-Instruct-hf,29,Top-Probing,15,Vulnerabile,Vulnerabile
648,codellama/CodeLlama-7b-Instruct-hf,29,Top-Probing,15,Vulnerabile,Vulnerabile
649,codellama/CodeLlama-7b-Instruct-hf,29,Top-Probing,15,Vulnerabile,Vulnerabile
650,codellama/CodeLlama-7b-Instruct-hf,29,Top-Probing,15,Vulnerabile,Vulnerabile
651,codellama/CodeLlama-7b-Instruct-hf,29,Top-Probing,15,Vulnerabile,Vulnerabile
652,codellama/CodeLlama-7b-Instruct-hf,29,Top-Probing,15,Vulnerabile,Vulnerabile
653,codellama/CodeLlama-7b-Instruct-hf,29,Top-Probing,15,Vulnerabile,Vulnerabile
654,codellama/CodeLlama-7b-Instruct-hf,29,Top-Probing,15,Vulnerabile,Vulnerabile
655,codellama/CodeLlama-7b-Instruct-hf,29,Top-Probing,15,Vulnerabile,Vulnerabile
656,codellama/CodeLlama-7b-Instruct-hf,29,Top-Probing,15,Vulnerabile,Vulnerabile
657,codellama/CodeLlama-7b-Instruct-hf,29,Top-Probing,15,Vulnerabile,Vulnerabile
658,codellama/CodeLlama-7b-Instruct-hf,29,Top-Probing,15,Vulnerabile,Vulnerabile
659,codellama/CodeLlama-7b-Instruct-hf,29,Top-Probing,15,Vulnerabile,Vulnerabile
660,codellama/CodeLlama-7b-Instruct-hf,29,Top-Probing,15,Vulnerabile,Vulnerabile
661,codellama/CodeLlama-7b-Instruct-hf,29,Top-Probing,15,Vulnerabile,Vulnerabile
662,codellama/CodeLlama-7b-Instruct-hf,29,Top-Probing,15,Vulnerabile,Vulnerabile
663,codellama/CodeLlama-7b-Instruct-hf,29,Top-Probing,15,Vulnerabile,Vulnerabile
664,codellama/CodeLlama-7b-Instruct-hf,29,Top-Probing,15,Vulnerabile,Vulnerabile
665,codellama/CodeLlama-7b-Instruct-hf,29,Top-Probing,15,Vulnerabile,Vulnerabile
666,codellama/CodeLlama-7b-Instruct-hf,29,Top-Probing,15,Vulnerabile,Vulnerabile
667,codellama/CodeLlama-7b-Instruct-hf,29,Top-Probing,15,Vulnerabile,Vulnerabile
668,codellama/CodeLlama-7b-Instruct-hf,29,Top-Probing,15,Vulnerabile,Vulnerabile
669,codellama/CodeLlama-7b-Instruct-hf,29,Top-Probing,15,Vulnerabile,Vulnerabile
670,codellama/CodeLlama-7b-Instruct-hf,29,Top-Probing,15,Vulnerabile,Vulnerabile
671,codellama/CodeLlama-7b-Instruct-hf,29,Top-Probing,15,Vulnerabile,Vulnerabile
672,codellama/CodeLlama-7b-Instruct-hf,29,Top-Probing,15,Vulnerabile,Vulnerabile
673,codellama/CodeLlama-7b-Instruct-hf,29,Top-Probing,15,Vulnerabile,Vulnerabile
674,codellama/CodeLlama-7b-Instruct-hf,29,Top-Probing,15,Vulnerabile,Sicuro
675,codellama/CodeLlama-7b-Instruct-hf,29,Top-Probing,15,Vulnerabile,Vulnerabile
676,codellama/CodeLlama-7b-Instruct-hf,29,Top-Probing,15,Vulnerabile,Vulnerabile
677,codellama/CodeLlama-7b-Instruct-hf,29,Top-Probing,15,Vulnerabile,Vulnerabile
678,codellama/CodeLlama-7b-Instruct-hf,29,Top-Probing,15,Vulnerabile,Vulnerabile
679,codellama/CodeLlama-7b-Instruct-hf,29,Top-Probing,15,Vulnerabile,Vulnerabile
680,codellama/CodeLlama-7b-Instruct-hf,29,Top-Probing,15,Vulnerabile,Vulnerabile
681,codellama/CodeLlama-7b-Instruct-hf,29,Top-Probing,15,Vulnerabile,Vulnerabile
682,codellama/CodeLlama-7b-Instruct-hf,29,Top-Probing,15,Vulnerabile,Vulnerabile
683,codellama/CodeLlama-7b-Instruct-hf,29,Top-Probing,15,Vulnerabile,Vulnerabile
684,codellama/CodeLlama-7b-Instruct-hf,29,Top-Probing,15,Vulnerabile,Vulnerabile
685,codellama/CodeLlama-7b-Instruct-hf,29,Top-Probing,15,Vulnerabile,Vulnerabile
686,codellama/CodeLlama-7b-Instruct-hf,29,Top-Probing,15,Vulnerabile,Sicuro
687,codellama/CodeLlama-7b-Instruct-hf,29,Top-Probing,15,Vulnerabile,Vulnerabile
688,codellama/CodeLlama-7b-Instruct-hf,29,Top-Probing,15,Vulnerabile,Vulnerabile
689,codellama/CodeLlama-7b-Instruct-hf,29,Top-Probing,15,Vulnerabile,Vulnerabile
690,codellama/CodeLlama-7b-Instruct-hf,29,Top-Probing,15,Vulnerabile,Vulnerabile
691,codellama/CodeLlama-7b-Instruct-hf,29,Top-Probing,15,Vulnerabile,Vulnerabile
692,codellama/CodeLlama-7b-Instruct-hf,29,Top-Probing,15,Vulnerabile,Vulnerabile
693,codellama/CodeLlama-7b-Instruct-hf,29,Top-Probing,15,Vulnerabile,Vulnerabile
694,codellama/CodeLlama-7b-Instruct-hf,29,Top-Probing,15,Vulnerabile,Vulnerabile
695,codellama/CodeLlama-7b-Instruct-hf,29,Top-Probing,15,Vulnerabile,Vulnerabile
696,codellama/CodeLlama-7b-Instruct-hf,29,Top-Probing,15,Vulnerabile,Vulnerabile
697,deepseek-ai/DeepSeek-R1-Distill-Qwen-7B,8,Top-Probing,10,Vulnerabile,Vulnerabile
698,deepseek-ai/DeepSeek-R1-Distill-Qwen-7B,8,Top-Probing,10,Vulnerabile,Vulnerabile
699,deepseek-ai/DeepSeek-R1-Distill-Qwen-7B,8,Top-Probing,10,Vulnerabile,Non Classificato
700,deepseek-ai/DeepSeek-R1-Distill-Qwen-7B,8,Top-Probing,10,Vulnerabile,Sicuro
701,deepseek-ai/DeepSeek-R1-Distill-Qwen-7B,8,Top-Probing,10,Vulnerabile,Sicuro
702,deepseek-ai/DeepSeek-R1-Distill-Qwen-7B,8,Top-Probing,10,Vulnerabile,Vulnerabile
703,deepseek-ai/DeepSeek-R1-Distill-Qwen-7B,8,Top-Probing,10,Vulnerabile,Vulnerabile
704,deepseek-ai/DeepSeek-R1-Distill-Qwen-7B,8,Top-Probing,10,Vulnerabile,Vulnerabile
705,deepseek-ai/DeepSeek-R1-Distill-Qwen-7B,8,Top-Probing,10,Vulnerabile,Vulnerabile
706,deepseek-ai/DeepSeek-R1-Distill-Qwen-7B,8,Top-Probing,10,Vulnerabile,Vulnerabile
707,deepseek-ai/DeepSeek-R1-Distill-Qwen-7B,8,Top-Probing,10,Vulnerabile,Non Classificato
708,deepseek-ai/DeepSeek-R1-Distill-Qwen-7B,8,Top-Probing,10,Vulnerabile,Vulnerabile
709,deepseek-ai/DeepSeek-R1-Distill-Qwen-7B,8,Top-Probing,10,Vulnerabile,Vulnerabile
710,deepseek-ai/DeepSeek-R1-Distill-Qwen-7B,8,Top-Probing,10,Vulnerabile,Vulnerabile
711,deepseek-ai/DeepSeek-R1-Distill-Qwen-7B,8,Top-Probing,10,Vulnerabile,Vulnerabile
712,deepseek-ai/DeepSeek-R1-Distill-Qwen-7B,8,Top-Probing,10,Vulnerabile,Non Classificato
713,deepseek-ai/DeepSeek-R1-Distill-Qwen-7B,8,Top-Probing,10,Vulnerabile,Vulnerabile
714,deepseek-ai/DeepSeek-R1-Distill-Qwen-7B,8,Top-Probing,10,Vulnerabile,Vulnerabile
715,deepseek-ai/DeepSeek-R1-Distill-Qwen-7B,8,Top-Probing,10,Vulnerabile,Vulnerabile
716,deepseek-ai/DeepSeek-R1-Distill-Qwen-7B,8,Top-Probing,10,Vulnerabile,Vulnerabile
717,deepseek-ai/DeepSeek-R1-Distill-Qwen-7B,8,Top-Probing,10,Vulnerabile,Vulnerabile
718,deepseek-ai/DeepSeek-R1-Distill-Qwen-7B,8,Top-Probing,10,Vulnerabile,Vulnerabile
719,deepseek-ai/DeepSeek-R1-Distill-Qwen-7B,8,Top-Probing,10,Vulnerabile,Sicuro
720,deepseek-ai/DeepSeek-R1-Distill-Qwen-7B,8,Top-Probing,10,Vulnerabile,Vulnerabile
721,deepseek-ai/DeepSeek-R1-Distill-Qwen-7B,8,Top-Probing,10,Vulnerabile,Vulnerabile
722,deepseek-ai/DeepSeek-R1-Distill-Qwen-7B,8,Top-Probing,10,Vulnerabile,Vulnerabile
723,deepseek-ai/DeepSeek-R1-Distill-Qwen-7B,8,Top-Probing,10,Vulnerabile,Non Classificato
724,deepseek-ai/DeepSeek-R1-Distill-Qwen-7B,8,Top-Probing,10,Vulnerabile,Vulnerabile
725,deepseek-ai/DeepSeek-R1-Distill-Qwen-7B,8,Top-Probing,10,Vulnerabile,Vulnerabile
726,deepseek-ai/DeepSeek-R1-Distill-Qwen-7B,8,Top-Probing,10,Vulnerabile,Vulnerabile
727,deepseek-ai/DeepSeek-R1-Distill-Qwen-7B,8,Top-Probing,10,Vulnerabile,Sicuro
728,deepseek-ai/DeepSeek-R1-Distill-Qwen-7B,8,Top-Probing,10,Vulnerabile,Vulnerabile
729,deepseek-ai/DeepSeek-R1-Distill-Qwen-7B,8,Top-Probing,10,Vulnerabile,Vulnerabile
730,deepseek-ai/DeepSeek-R1-Distill-Qwen-7B,8,Top-Probing,10,Vulnerabile,Vulnerabile
731,deepseek-ai/DeepSeek-R1-Distill-Qwen-7B,8,Top-Probing,10,Vulnerabile,Vulnerabile
732,deepseek-ai/DeepSeek-R1-Distill-Qwen-7B,8,Top-Probing,10,Vulnerabile,Vulnerabile
733,deepseek-ai/DeepSeek-R1-Distill-Qwen-7B,8,Top-Probing,10,Vulnerabile,Vulnerabile
734,deepseek-ai/DeepSeek-R1-Distill-Qwen-7B,8,Top-Probing,10,Vulnerabile,Vulnerabile
735,deepseek-ai/DeepSeek-R1-Distill-Qwen-7B,8,Top-Probing,10,Vulnerabile,Vulnerabile
736,deepseek-ai/DeepSeek-R1-Distill-Qwen-7B,8,Top-Probing,10,Vulnerabile,Vulnerabile
737,deepseek-ai/DeepSeek-R1-Distill-Qwen-7B,8,Top-Probing,10,Vulnerabile,Vulnerabile
738,deepseek-ai/DeepSeek-R1-Distill-Qwen-7B,8,Top-Probing,10,Vulnerabile,Vulnerabile
739,deepseek-ai/DeepSeek-R1-Distill-Qwen-7B,8,Top-Probing,10,Vulnerabile,Sicuro
740,deepseek-ai/DeepSeek-R1-Distill-Qwen-7B,8,Top-Probing,10,Vulnerabile,Vulnerabile
741,deepseek-ai/DeepSeek-R1-Distill-Qwen-7B,8,Top-Probing,10,Vulnerabile,Vulnerabile
742,deepseek-ai/DeepSeek-R1-Distill-Qwen-7B,8,Top-Probing,10,Vulnerabile,Vulnerabile
743,deepseek-ai/DeepSeek-R1-Distill-Qwen-7B,8,Top-Probing,10,Vulnerabile,Vulnerabile
744,deepseek-ai/DeepSeek-R1-Distill-Qwen-7B,8,Top-Probing,10,Vulnerabile,Vulnerabile
745,deepseek-ai/DeepSeek-R1-Distill-Qwen-7B,8,Top-Probing,10,Vulnerabile,Sicuro
746,deepseek-ai/DeepSeek-R1-Distill-Qwen-7B,8,Top-Probing,10,Vulnerabile,Vulnerabile
747,deepseek-ai/DeepSeek-R1-Distill-Qwen-7B,8,Top-Probing,10,Vulnerabile,Vulnerabile
748,deepseek-ai/DeepSeek-R1-Distill-Qwen-7B,8,Top-Probing,10,Vulnerabile,Sicuro
749,deepseek-ai/DeepSeek-R1-Distill-Qwen-7B,8,Top-Probing,10,Vulnerabile,Vulnerabile
750,deepseek-ai/DeepSeek-R1-Distill-Qwen-7B,8,Top-Probing,10,Vulnerabile,Vulnerabile
751,deepseek-ai/DeepSeek-R1-Distill-Qwen-7B,8,Top-Probing,10,Vulnerabile,Vulnerabile
752,deepseek-ai/DeepSeek-R1-Distill-Qwen-7B,8,Top-Probing,10,Vulnerabile,Sicuro
753,deepseek-ai/DeepSeek-R1-Distill-Qwen-7B,8,Top-Probing,10,Vulnerabile,Sicuro
754,deepseek-ai/DeepSeek-R1-Distill-Qwen-7B,8,Top-Probing,10,Vulnerabile,Sicuro
755,deepseek-ai/DeepSeek-R1-Distill-Qwen-7B,8,Top-Probing,10,Vulnerabile,Vulnerabile
756,deepseek-ai/DeepSeek-R1-Distill-Qwen-7B,8,Top-Probing,10,Vulnerabile,Vulnerabile
757,deepseek-ai/DeepSeek-R1-Distill-Qwen-7B,8,Top-Probing,10,Vulnerabile,Sicuro
758,deepseek-ai/DeepSeek-R1-Distill-Qwen-7B,8,Top-Probing,10,Vulnerabile,Vulnerabile
759,deepseek-ai/DeepSeek-R1-Distill-Qwen-7B,8,Top-Probing,10,Vulnerabile,Vulnerabile
760,deepseek-ai/DeepSeek-R1-Distill-Qwen-7B,8,Top-Probing,10,Vulnerabile,Vulnerabile
761,deepseek-ai/DeepSeek-R1-Distill-Qwen-7B,8,Top-Probing,10,Vulnerabile,Vulnerabile
762,deepseek-ai/DeepSeek-R1-Distill-Qwen-7B,8,Top-Probing,10,Vulnerabile,Vulnerabile
763,deepseek-ai/DeepSeek-R1-Distill-Qwen-7B,8,Top-Probing,10,Vulnerabile,Sicuro
764,deepseek-ai/DeepSeek-R1-Distill-Qwen-7B,8,Top-Probing,10,Vulnerabile,Vulnerabile
765,deepseek-ai/DeepSeek-R1-Distill-Qwen-7B,8,Top-Probing,10,Vulnerabile,Vulnerabile
766,deepseek-ai/DeepSeek-R1-Distill-Qwen-7B,8,Top-Probing,10,Vulnerabile,Non Classificato
767,deepseek-ai/DeepSeek-R1-Distill-Qwen-7B,8,Top-Probing,10,Vulnerabile,Vulnerabile
768,deepseek-ai/DeepSeek-R1-Distill-Qwen-7B,8,Top-Probing,10,Vulnerabile,Sicuro
769,deepseek-ai/DeepSeek-R1-Distill-Qwen-7B,8,Top-Probing,10,Vulnerabile,Sicuro
770,deepseek-ai/DeepSeek-R1-Distill-Qwen-7B,8,Top-Probing,10,Vulnerabile,Vulnerabile
771,deepseek-ai/DeepSeek-R1-Distill-Qwen-7B,8,Top-Probing,10,Vulnerabile,Vulnerabile
772,deepseek-ai/DeepSeek-R1-Distill-Qwen-7B,8,Top-Probing,10,Vulnerabile,Vulnerabile
773,deepseek-ai/DeepSeek-R1-Distill-Qwen-7B,8,Top-Probing,10,Vulnerabile,Vulnerabile
774,deepseek-ai/DeepSeek-R1-Distill-Qwen-7B,8,Top-Probing,10,Vulnerabile,Vulnerabile
775,deepseek-ai/DeepSeek-R1-Distill-Qwen-7B,8,Top-Probing,10,Vulnerabile,Vulnerabile
776,deepseek-ai/DeepSeek-R1-Distill-Qwen-7B,8,Top-Probing,10,Vulnerabile,Vulnerabile
777,deepseek-ai/DeepSeek-R1-Distill-Qwen-7B,8,Top-Probing,10,Vulnerabile,Vulnerabile
778,deepseek-ai/DeepSeek-R1-Distill-Qwen-7B,8,Top-Probing,10,Vulnerabile,Vulnerabile
779,deepseek-ai/DeepSeek-R1-Distill-Qwen-7B,8,Top-Probing,10,Vulnerabile,Vulnerabile
780,deepseek-ai/DeepSeek-R1-Distill-Qwen-7B,8,Top-Probing,10,Vulnerabile,Vulnerabile
781,deepseek-ai/DeepSeek-R1-Distill-Qwen-7B,8,Top-Probing,10,Vulnerabile,Vulnerabile
782,deepseek-ai/DeepSeek-R1-Distill-Qwen-7B,8,Top-Probing,10,Vulnerabile,Vulnerabile
783,deepseek-ai/DeepSeek-R1-Distill-Qwen-7B,8,Top-Probing,10,Vulnerabile,Vulnerabile
784,deepseek-ai/DeepSeek-R1-Distill-Qwen-7B,8,Top-Probing,10,Vulnerabile,Vulnerabile
785,deepseek-ai/DeepSeek-R1-Distill-Qwen-7B,8,Top-Probing,10,Vulnerabile,Vulnerabile
786,deepseek-ai/DeepSeek-R1-Distill-Qwen-7B,8,Top-Probing,10,Vulnerabile,Sicuro
787,deepseek-ai/DeepSeek-R1-Distill-Qwen-7B,8,Top-Probing,10,Vulnerabile,Sicuro
788,deepseek-ai/DeepSeek-R1-Distill-Qwen-7B,8,Top-Probing,10,Vulnerabile,Vulnerabile
789,deepseek-ai/DeepSeek-R1-Distill-Qwen-7B,8,Top-Probing,10,Vulnerabile,Sicuro
790,deepseek-ai/DeepSeek-R1-Distill-Qwen-7B,8,Top-Probing,10,Vulnerabile,Vulnerabile
791,deepseek-ai/DeepSeek-R1-Distill-Qwen-7B,8,Top-Probing,10,Vulnerabile,Vulnerabile
792,deepseek-ai/DeepSeek-R1-Distill-Qwen-7B,8,Top-Probing,10,Vulnerabile,Vulnerabile
793,deepseek-ai/DeepSeek-R1-Distill-Qwen-7B,8,Top-Probing,10,Vulnerabile,Vulnerabile
794,deepseek-ai/DeepSeek-R1-Distill-Qwen-7B,8,Top-Probing,10,Vulnerabile,Non Classificato
795,deepseek-ai/DeepSeek-R1-Distill-Qwen-7B,8,Top-Probing,10,Vulnerabile,Sicuro
796,deepseek-ai/DeepSeek-R1-Distill-Qwen-7B,8,Top-Probing,10,Vulnerabile,Vulnerabile
797,deepseek-ai/DeepSeek-R1-Distill-Qwen-7B,8,Top-Probing,10,Vulnerabile,Non Classificato
798,deepseek-ai/DeepSeek-R1-Distill-Qwen-7B,8,Top-Probing,10,Vulnerabile,Vulnerabile
799,deepseek-ai/DeepSeek-R1-Distill-Qwen-7B,8,Top-Probing,10,Vulnerabile,Vulnerabile
800,deepseek-ai/DeepSeek-R1-Distill-Qwen-7B,8,Top-Probing,10,Vulnerabile,Sicuro
801,deepseek-ai/DeepSeek-R1-Distill-Qwen-7B,8,Top-Probing,10,Vulnerabile,Vulnerabile
802,deepseek-ai/DeepSeek-R1-Distill-Qwen-7B,8,Top-Probing,10,Vulnerabile,Vulnerabile
803,deepseek-ai/DeepSeek-R1-Distill-Qwen-7B,8,Top-Probing,10,Vulnerabile,Vulnerabile
804,deepseek-ai/DeepSeek-R1-Distill-Qwen-7B,8,Top-Probing,10,Vulnerabile,Vulnerabile
805,deepseek-ai/DeepSeek-R1-Distill-Qwen-7B,8,Top-Probing,10,Vulnerabile,Vulnerabile
806,deepseek-ai/DeepSeek-R1-Distill-Qwen-7B,8,Top-Probing,10,Vulnerabile,Vulnerabile
807,deepseek-ai/DeepSeek-R1-Distill-Qwen-7B,8,Top-Probing,10,Vulnerabile,Vulnerabile
808,deepseek-ai/DeepSeek-R1-Distill-Qwen-7B,8,Top-Probing,10,Vulnerabile,Vulnerabile
809,deepseek-ai/DeepSeek-R1-Distill-Qwen-7B,8,Top-Probing,10,Vulnerabile,Vulnerabile
810,deepseek-ai/DeepSeek-R1-Distill-Qwen-7B,8,Top-Probing,10,Vulnerabile,Vulnerabile
811,deepseek-ai/DeepSeek-R1-Distill-Qwen-7B,8,Top-Probing,10,Vulnerabile,Sicuro
812,deepseek-ai/DeepSeek-R1-Distill-Qwen-7B,8,Top-Probing,10,Vulnerabile,Vulnerabile
813,deepseek-ai/DeepSeek-R1-Distill-Qwen-7B,8,Top-Probing,10,Vulnerabile,Vulnerabile
814,deepseek-ai/DeepSeek-R1-Distill-Qwen-7B,8,Top-Probing,10,Vulnerabile,Vulnerabile
815,deepseek-ai/DeepSeek-R1-Distill-Qwen-7B,8,Top-Probing,10,Vulnerabile,Vulnerabile
816,deepseek-ai/DeepSeek-R1-Distill-Qwen-7B,8,Top-Probing,10,Vulnerabile,Vulnerabile
817,deepseek-ai/DeepSeek-R1-Distill-Qwen-7B,8,Top-Probing,10,Vulnerabile,Vulnerabile
818,deepseek-ai/DeepSeek-R1-Distill-Qwen-7B,8,Top-Probing,10,Vulnerabile,Vulnerabile
819,deepseek-ai/DeepSeek-R1-Distill-Qwen-7B,8,Top-Probing,10,Vulnerabile,Sicuro
820,deepseek-ai/DeepSeek-R1-Distill-Qwen-7B,8,Top-Probing,10,Vulnerabile,Vulnerabile
821,deepseek-ai/DeepSeek-R1-Distill-Qwen-7B,8,Top-Probing,10,Vulnerabile,Vulnerabile
822,deepseek-ai/DeepSeek-R1-Distill-Qwen-7B,8,Top-Probing,10,Vulnerabile,Vulnerabile
823,deepseek-ai/DeepSeek-R1-Distill-Qwen-7B,8,Top-Probing,10,Vulnerabile,Sicuro
824,deepseek-ai/DeepSeek-R1-Distill-Qwen-7B,8,Top-Probing,10,Vulnerabile,Vulnerabile
825,deepseek-ai/DeepSeek-R1-Distill-Qwen-7B,8,Top-Probing,10,Vulnerabile,Vulnerabile
826,deepseek-ai/DeepSeek-R1-Distill-Qwen-7B,8,Top-Probing,10,Vulnerabile,Vulnerabile
827,deepseek-ai/DeepSeek-R1-Distill-Qwen-7B,8,Top-Probing,10,Vulnerabile,Sicuro
828,deepseek-ai/DeepSeek-R1-Distill-Qwen-7B,8,Top-Probing,10,Vulnerabile,Vulnerabile
829,deepseek-ai/DeepSeek-R1-Distill-Qwen-7B,8,Top-Probing,10,Vulnerabile,Vulnerabile
830,deepseek-ai/DeepSeek-R1-Distill-Qwen-7B,8,Top-Probing,10,Vulnerabile,Vulnerabile
831,deepseek-ai/DeepSeek-R1-Distill-Qwen-7B,8,Top-Probing,10,Vulnerabile,Sicuro
832,deepseek-ai/DeepSeek-R1-Distill-Qwen-7B,8,Top-Probing,10,Vulnerabile,Vulnerabile
833,deepseek-ai/DeepSeek-R1-Distill-Qwen-7B,8,Top-Probing,10,Vulnerabile,Vulnerabile
834,deepseek-ai/DeepSeek-R1-Distill-Qwen-7B,8,Top-Probing,10,Vulnerabile,Vulnerabile
835,deepseek-ai/DeepSeek-R1-Distill-Qwen-7B,8,Top-Probing,10,Vulnerabile,Vulnerabile
836,deepseek-ai/DeepSeek-R1-Distill-Qwen-7B,8,Top-Probing,10,Vulnerabile,Sicuro
837,deepseek-ai/DeepSeek-R1-Distill-Qwen-7B,8,Top-Probing,10,Vulnerabile,Sicuro
838,deepseek-ai/DeepSeek-R1-Distill-Qwen-7B,8,Top-Probing,10,Vulnerabile,Vulnerabile
839,deepseek-ai/DeepSeek-R1-Distill-Qwen-7B,8,Top-Probing,10,Vulnerabile,Vulnerabile
840,deepseek-ai/DeepSeek-R1-Distill-Qwen-7B,8,Top-Probing,10,Vulnerabile,Vulnerabile
841,deepseek-ai/DeepSeek-R1-Distill-Qwen-7B,8,Top-Probing,10,Vulnerabile,Vulnerabile
842,deepseek-ai/DeepSeek-R1-Distill-Qwen-7B,8,Top-Probing,10,Vulnerabile,Vulnerabile
843,deepseek-ai/DeepSeek-R1-Distill-Qwen-7B,8,Top-Probing,10,Vulnerabile,Vulnerabile
844,deepseek-ai/DeepSeek-R1-Distill-Qwen-7B,8,Top-Probing,10,Vulnerabile,Vulnerabile
845,deepseek-ai/DeepSeek-R1-Distill-Qwen-7B,8,Top-Probing,10,Vulnerabile,Vulnerabile
846,deepseek-ai/DeepSeek-R1-Distill-Qwen-7B,8,Top-Probing,10,Vulnerabile,Vulnerabile
847,deepseek-ai/DeepSeek-R1-Distill-Qwen-7B,8,Top-Probing,10,Vulnerabile,Non Classificato
848,deepseek-ai/DeepSeek-R1-Distill-Qwen-7B,8,Top-Probing,10,Vulnerabile,Vulnerabile
849,deepseek-ai/DeepSeek-R1-Distill-Qwen-7B,8,Top-Probing,10,Vulnerabile,Sicuro
850,deepseek-ai/DeepSeek-R1-Distill-Qwen-7B,8,Top-Probing,10,Vulnerabile,Vulnerabile
851,deepseek-ai/DeepSeek-R1-Distill-Qwen-7B,8,Top-Probing,10,Vulnerabile,Vulnerabile
852,deepseek-ai/DeepSeek-R1-Distill-Qwen-7B,8,Top-Probing,10,Vulnerabile,Sicuro
853,deepseek-ai/DeepSeek-R1-Distill-Qwen-7B,8,Top-Probing,10,Vulnerabile,Vulnerabile
854,deepseek-ai/DeepSeek-R1-Distill-Qwen-7B,8,Top-Probing,10,Vulnerabile,Vulnerabile
855,deepseek-ai/DeepSeek-R1-Distill-Qwen-7B,8,Top-Probing,10,Vulnerabile,Sicuro
856,deepseek-ai/DeepSeek-R1-Distill-Qwen-7B,8,Top-Probing,10,Vulnerabile,Sicuro
857,deepseek-ai/DeepSeek-R1-Distill-Qwen-7B,8,Top-Probing,10,Vulnerabile,Vulnerabile
858,deepseek-ai/DeepSeek-R1-Distill-Qwen-7B,8,Top-Probing,10,Vulnerabile,Vulnerabile
859,deepseek-ai/DeepSeek-R1-Distill-Qwen-7B,8,Top-Probing,10,Vulnerabile,Vulnerabile
860,deepseek-ai/DeepSeek-R1-Distill-Qwen-7B,8,Top-Probing,10,Vulnerabile,Vulnerabile
861,deepseek-ai/DeepSeek-R1-Distill-Qwen-7B,8,Top-Probing,10,Vulnerabile,Vulnerabile
862,deepseek-ai/DeepSeek-R1-Distill-Qwen-7B,8,Top-Probing,10,Vulnerabile,Vulnerabile
863,deepseek-ai/DeepSeek-R1-Distill-Qwen-7B,8,Top-Probing,10,Vulnerabile,Vulnerabile
864,deepseek-ai/DeepSeek-R1-Distill-Qwen-7B,8,Top-Probing,10,Vulnerabile,Sicuro
865,deepseek-ai/DeepSeek-R1-Distill-Qwen-7B,8,Top-Probing,10,Vulnerabile,Vulnerabile
866,deepseek-ai/DeepSeek-R1-Distill-Qwen-7B,8,Top-Probing,10,Vulnerabile,Vulnerabile
867,deepseek-ai/DeepSeek-R1-Distill-Qwen-7B,8,Top-Probing,10,Vulnerabile,Sicuro
868,deepseek-ai/DeepSeek-R1-Distill-Qwen-7B,8,Top-Probing,10,Vulnerabile,Vulnerabile
869,deepseek-ai/DeepSeek-R1-Distill-Qwen-7B,8,Top-Probing,10,Vulnerabile,Vulnerabile
870,deepseek-ai/DeepSeek-R1-Distill-Qwen-7B,8,Top-Probing,10,Vulnerabile,Non Classificato
871,deepseek-ai/DeepSeek-R1-Distill-Qwen-7B,8,Top-Probing,10,Vulnerabile,Vulnerabile
872,deepseek-ai/DeepSeek-R1-Distill-Qwen-7B,8,Top-Probing,10,Vulnerabile,Sicuro
873,deepseek-ai/DeepSeek-R1-Distill-Qwen-7B,8,Top-Probing,10,Vulnerabile,Vulnerabile
874,deepseek-ai/DeepSeek-R1-Distill-Qwen-7B,8,Top-Probing,10,Vulnerabile,Vulnerabile
875,deepseek-ai/DeepSeek-R1-Distill-Qwen-7B,8,Top-Probing,10,Vulnerabile,Vulnerabile
876,deepseek-ai/DeepSeek-R1-Distill-Qwen-7B,8,Top-Probing,10,Vulnerabile,Vulnerabile
877,deepseek-ai/DeepSeek-R1-Distill-Qwen-7B,8,Top-Probing,10,Vulnerabile,Vulnerabile
878,deepseek-ai/DeepSeek-R1-Distill-Qwen-7B,8,Top-Probing,10,Vulnerabile,Vulnerabile
879,deepseek-ai/DeepSeek-R1-Distill-Qwen-7B,8,Top-Probing,10,Vulnerabile,Vulnerabile
880,deepseek-ai/DeepSeek-R1-Distill-Qwen-7B,8,Top-Probing,10,Vulnerabile,Sicuro
881,deepseek-ai/DeepSeek-R1-Distill-Qwen-7B,8,Top-Probing,10,Vulnerabile,Vulnerabile
882,deepseek-ai/DeepSeek-R1-Distill-Qwen-7B,8,Top-Probing,10,Vulnerabile,Vulnerabile
883,deepseek-ai/DeepSeek-R1-Distill-Qwen-7B,8,Top-Probing,10,Vulnerabile,Vulnerabile
884,deepseek-ai/DeepSeek-R1-Distill-Qwen-7B,8,Top-Probing,10,Vulnerabile,Vulnerabile
885,deepseek-ai/DeepSeek-R1-Distill-Qwen-7B,8,Top-Probing,10,Vulnerabile,Vulnerabile
886,deepseek-ai/DeepSeek-R1-Distill-Qwen-7B,8,Top-Probing,10,Vulnerabile,Vulnerabile
887,deepseek-ai/DeepSeek-R1-Distill-Qwen-7B,8,Top-Probing,10,Vulnerabile,Vulnerabile
888,deepseek-ai/DeepSeek-R1-Distill-Qwen-7B,8,Top-Probing,10,Vulnerabile,Vulnerabile
889,deepseek-ai/DeepSeek-R1-Distill-Qwen-7B,8,Top-Probing,10,Vulnerabile,Vulnerabile
890,deepseek-ai/DeepSeek-R1-Distill-Qwen-7B,8,Top-Probing,10,Vulnerabile,Vulnerabile
891,deepseek-ai/DeepSeek-R1-Distill-Qwen-7B,8,Top-Probing,10,Vulnerabile,Sicuro
892,deepseek-ai/DeepSeek-R1-Distill-Qwen-7B,8,Top-Probing,10,Vulnerabile,Vulnerabile
893,deepseek-ai/DeepSeek-R1-Distill-Qwen-7B,8,Top-Probing,10,Vulnerabile,Vulnerabile
894,deepseek-ai/DeepSeek-R1-Distill-Qwen-7B,8,Top-Probing,10,Vulnerabile,Vulnerabile
895,deepseek-ai/DeepSeek-R1-Distill-Qwen-7B,8,Top-Probing,10,Vulnerabile,Vulnerabile
896,deepseek-ai/DeepSeek-R1-Distill-Qwen-7B,8,Top-Probing,10,Vulnerabile,Vulnerabile
897,deepseek-ai/DeepSeek-R1-Distill-Qwen-7B,8,Top-Probing,10,Vulnerabile,Sicuro
898,deepseek-ai/DeepSeek-R1-Distill-Qwen-7B,8,Top-Probing,10,Vulnerabile,Non Classificato
899,deepseek-ai/DeepSeek-R1-Distill-Qwen-7B,8,Top-Probing,10,Vulnerabile,Vulnerabile
900,deepseek-ai/DeepSeek-R1-Distill-Qwen-7B,8,Top-Probing,10,Vulnerabile,Vulnerabile
901,deepseek-ai/DeepSeek-R1-Distill-Qwen-7B,8,Top-Probing,10,Vulnerabile,Sicuro
902,deepseek-ai/DeepSeek-R1-Distill-Qwen-7B,8,Top-Probing,10,Vulnerabile,Vulnerabile
903,deepseek-ai/DeepSeek-R1-Distill-Qwen-7B,8,Top-Probing,10,Vulnerabile,Vulnerabile
904,deepseek-ai/DeepSeek-R1-Distill-Qwen-7B,8,Top-Probing,10,Vulnerabile,Vulnerabile
905,deepseek-ai/DeepSeek-R1-Distill-Qwen-7B,8,Top-Probing,10,Vulnerabile,Vulnerabile
906,deepseek-ai/DeepSeek-R1-Distill-Qwen-7B,8,Top-Probing,10,Vulnerabile,Vulnerabile
907,deepseek-ai/DeepSeek-R1-Distill-Qwen-7B,8,Top-Probing,10,Vulnerabile,Sicuro
908,deepseek-ai/DeepSeek-R1-Distill-Qwen-7B,8,Top-Probing,10,Vulnerabile,Vulnerabile
909,deepseek-ai/DeepSeek-R1-Distill-Qwen-7B,8,Top-Probing,10,Vulnerabile,Vulnerabile
910,deepseek-ai/DeepSeek-R1-Distill-Qwen-7B,8,Top-Probing,10,Vulnerabile,Non Classificato
911,deepseek-ai/DeepSeek-R1-Distill-Qwen-7B,8,Top-Probing,10,Vulnerabile,Sicuro
912,deepseek-ai/DeepSeek-R1-Distill-Qwen-7B,8,Top-Probing,10,Vulnerabile,Non Classificato
913,deepseek-ai/DeepSeek-R1-Distill-Qwen-7B,8,Top-Probing,10,Vulnerabile,Vulnerabile
914,deepseek-ai/DeepSeek-R1-Distill-Qwen-7B,8,Top-Probing,10,Vulnerabile,Vulnerabile
915,deepseek-ai/DeepSeek-R1-Distill-Qwen-7B,8,Top-Probing,10,Vulnerabile,Sicuro
916,deepseek-ai/DeepSeek-R1-Distill-Qwen-7B,8,Top-Probing,10,Vulnerabile,Vulnerabile
917,deepseek-ai/DeepSeek-R1-Distill-Qwen-7B,8,Top-Probing,10,Vulnerabile,Vulnerabile
918,deepseek-ai/DeepSeek-R1-Distill-Qwen-7B,8,Top-Probing,10,Vulnerabile,Vulnerabile
919,deepseek-ai/DeepSeek-R1-Distill-Qwen-7B,8,Top-Probing,10,Vulnerabile,Non Classificato
920,deepseek-ai/DeepSeek-R1-Distill-Qwen-7B,8,Top-Probing,10,Vulnerabile,Vulnerabile
921,deepseek-ai/DeepSeek-R1-Distill-Qwen-7B,8,Top-Probing,10,Vulnerabile,Vulnerabile
922,deepseek-ai/DeepSeek-R1-Distill-Qwen-7B,8,Top-Probing,10,Vulnerabile,Vulnerabile
923,deepseek-ai/DeepSeek-R1-Distill-Qwen-7B,8,Top-Probing,10,Vulnerabile,Vulnerabile
924,deepseek-ai/DeepSeek-R1-Distill-Qwen-7B,8,Top-Probing,10,Vulnerabile,Vulnerabile
925,deepseek-ai/DeepSeek-R1-Distill-Qwen-7B,8,Top-Probing,10,Vulnerabile,Vulnerabile
926,deepseek-ai/DeepSeek-R1-Distill-Qwen-7B,8,Top-Probing,10,Vulnerabile,Vulnerabile
927,deepseek-ai/DeepSeek-R1-Distill-Qwen-7B,8,Top-Probing,10,Vulnerabile,Sicuro
928,deepseek-ai/DeepSeek-R1-Distill-Qwen-7B,8,Top-Probing,10,Vulnerabile,Sicuro
929,deepseek-ai/DeepSeek-R1-Distill-Qwen-7B,8,Top-Probing,10,Vulnerabile,Vulnerabile
930,deepseek-ai/DeepSeek-R1-Distill-Qwen-7B,8,Top-Probing,10,Vulnerabile,Vulnerabile
931,deepseek-ai/DeepSeek-R1-Distill-Qwen-7B,8,Top-Probing,10,Vulnerabile,Vulnerabile
932,deepseek-ai/DeepSeek-R1-Distill-Qwen-7B,8,Top-Probing,10,Vulnerabile,Vulnerabile
933,deepseek-ai/DeepSeek-R1-Distill-Qwen-7B,8,Top-Probing,10,Vulnerabile,Sicuro
934,deepseek-ai/DeepSeek-R1-Distill-Qwen-7B,8,Top-Probing,10,Vulnerabile,Vulnerabile
935,deepseek-ai/DeepSeek-R1-Distill-Qwen-7B,8,Top-Probing,10,Vulnerabile,Vulnerabile
936,deepseek-ai/DeepSeek-R1-Distill-Qwen-7B,8,Top-Probing,10,Vulnerabile,Non Classificato
937,deepseek-ai/DeepSeek-R1-Distill-Qwen-7B,8,Top-Probing,10,Vulnerabile,Vulnerabile
938,deepseek-ai/DeepSeek-R1-Distill-Qwen-7B,8,Top-Probing,10,Vulnerabile,Sicuro
939,deepseek-ai/DeepSeek-R1-Distill-Qwen-7B,8,Top-Probing,10,Vulnerabile,Vulnerabile
940,deepseek-ai/DeepSeek-R1-Distill-Qwen-7B,8,Top-Probing,10,Vulnerabile,Vulnerabile
941,deepseek-ai/DeepSeek-R1-Distill-Qwen-7B,8,Top-Probing,10,Vulnerabile,Vulnerabile
942,deepseek-ai/DeepSeek-R1-Distill-Qwen-7B,8,Top-Probing,10,Vulnerabile,Vulnerabile
943,deepseek-ai/DeepSeek-R1-Distill-Qwen-7B,8,Top-Probing,10,Vulnerabile,Vulnerabile
944,deepseek-ai/DeepSeek-R1-Distill-Qwen-7B,8,Top-Probing,10,Vulnerabile,Sicuro
945,deepseek-ai/DeepSeek-R1-Distill-Qwen-7B,8,Top-Probing,10,Vulnerabile,Vulnerabile
946,deepseek-ai/DeepSeek-R1-Distill-Qwen-7B,8,Top-Probing,10,Vulnerabile,Sicuro
947,deepseek-ai/DeepSeek-R1-Distill-Qwen-7B,8,Top-Probing,10,Vulnerabile,Vulnerabile
948,deepseek-ai/DeepSeek-R1-Distill-Qwen-7B,8,Top-Probing,10,Vulnerabile,Non Classificato
949,deepseek-ai/DeepSeek-R1-Distill-Qwen-7B,8,Top-Probing,10,Vulnerabile,Vulnerabile
950,deepseek-ai/DeepSeek-R1-Distill-Qwen-7B,8,Top-Probing,10,Vulnerabile,Vulnerabile
951,deepseek-ai/DeepSeek-R1-Distill-Qwen-7B,8,Top-Probing,10,Vulnerabile,Vulnerabile
952,deepseek-ai/DeepSeek-R1-Distill-Qwen-7B,8,Top-Probing,10,Vulnerabile,Vulnerabile
953,deepseek-ai/DeepSeek-R1-Distill-Qwen-7B,8,Top-Probing,10,Vulnerabile,Vulnerabile
954,deepseek-ai/DeepSeek-R1-Distill-Qwen-7B,8,Top-Probing,10,Vulnerabile,Vulnerabile
955,deepseek-ai/DeepSeek-R1-Distill-Qwen-7B,8,Top-Probing,10,Vulnerabile,Vulnerabile
956,deepseek-ai/DeepSeek-R1-Distill-Qwen-7B,8,Top-Probing,10,Vulnerabile,Vulnerabile
957,deepseek-ai/DeepSeek-R1-Distill-Qwen-7B,8,Top-Probing,10,Vulnerabile,Vulnerabile
958,deepseek-ai/DeepSeek-R1-Distill-Qwen-7B,8,Top-Probing,10,Vulnerabile,Vulnerabile
959,deepseek-ai/DeepSeek-R1-Distill-Qwen-7B,8,Top-Probing,10,Vulnerabile,Vulnerabile
960,deepseek-ai/deepseek-coder-6.7b-instruct,31,Top-Probing,8,Vulnerabile,Sicuro
961,deepseek-ai/deepseek-coder-6.7b-instruct,31,Top-Probing,8,Vulnerabile,Vulnerabile
962,deepseek-ai/deepseek-coder-6.7b-instruct,31,Top-Probing,8,Vulnerabile,Vulnerabile
963,deepseek-ai/deepseek-coder-6.7b-instruct,31,Top-Probing,8,Vulnerabile,Vulnerabile
964,deepseek-ai/deepseek-coder-6.7b-instruct,31,Top-Probing,8,Vulnerabile,Vulnerabile
965,deepseek-ai/deepseek-coder-6.7b-instruct,31,Top-Probing,8,Vulnerabile,Vulnerabile
966,deepseek-ai/deepseek-coder-6.7b-instruct,31,Top-Probing,8,Vulnerabile,Vulnerabile
