id_snippet,modello,codice,target_reale,risposta_baseline
66,Qwen/Qwen2.5-7B-Instruct,"static void gicv3_cpuif_el_change_hook(ARMCPU *cpu, void *opaque)

{

    /* Do nothing for now. */

}
",False,"FINAL_VERDICT: False

The provided function `gicv3_cpuif_el_change_hook` does not perform any operations and simply returns without doing anything. While this might be intended behavior if the function is not meant to execute any specific logic, it could also indicate a potential oversight or placeholder that should be reviewed for future requirements. If there are security-critical actions that need to be taken when the CPU interface EL (Execution Level) changes, this function would currently leave those actions unimplemented, which could lead to security vulnerabilities. Therefore, the code is not 100% secure as it lacks functionality that might be necessary for security purposes."
316,Qwen/Qwen2.5-7B-Instruct,"static inline int onenand_load_spare(OneNANDState *s, int sec, int secn,

                void *dest)

{

    uint8_t buf[512];



    if (s->bdrv_cur) {

        if (bdrv_read(s->bdrv_cur, s->secs_cur + (sec >> 5), buf, 1) < 0)

            return 1;

        memcpy(dest, buf + ((sec & 31) << 4), secn << 4);

    } else if (sec + secn > s->secs_cur)

        return 1;

    else

        memcpy(dest, s->current + (s->secs_cur << 9) + (sec << 4), secn << 4);

 

    return 0;

}
",False,"FINAL_VERDICT: True

The code has several potential vulnerabilities and issues that could lead to security risks:

1. **Potential Buffer Overflow**: The function `memcpy(dest, buf + ((sec & 31) << 4), secn << 4);` assumes that the buffer `buf` is large enough to hold the data being read from the block device. However, there is no explicit check to ensure that `secn << 4` does not exceed the size of `buf`. If `secn` is large enough, it could cause a buffer overflow.

2. **Uninitialized Variables**: The variable `s->current` is used without being initialized. This can lead to undefined behavior if `s->current` is accessed before it is set.

3. **Potential Race Condition**: The code does not handle concurrent access properly. If multiple threads or processes are accessing the same `OneNANDState` object simultaneously, there could be race conditions leading to inconsistent states.

4. **Error Handling**: The function returns `1` for errors but does not provide detailed error messages or logging, which makes debugging and understanding the failure points difficult.

To mitigate these issues, consider the following improvements:

- Ensure that `sec"
658,Qwen/Qwen2.5-7B-Instruct,"void cpu_breakpoint_remove_by_ref(CPUState *env, CPUBreakpoint *breakpoint)

{

#if defined(TARGET_HAS_ICE)

    TAILQ_REMOVE(&env->breakpoints, breakpoint, entry);



    breakpoint_invalidate(env, breakpoint->pc);



    qemu_free(breakpoint);

#endif

}
",False,"FINAL_VERDICT: False

The code snippet provided appears to be conditional on the `TARGET_HAS_ICE` macro being defined. If this macro is not defined, the code will not execute any of the operations inside the `#if` block. However, there are a few potential issues and considerations:

1. **Potential Null Pointer Dereference**: The function `TAILQ_REMOVE` and `qemu_free` assume that `breakpoint` is not null. If `breakpoint` is null, dereferencing it could lead to undefined behavior.

2. **Race Conditions**: If multiple threads can modify the `env->breakpoints` list concurrently, there could be race conditions leading to inconsistent state.

3. **Memory Management**: The `qemu_free` function is used to free the memory allocated for the `breakpoint`. Ensure that `qemu_free` is correctly implemented and that the memory was originally allocated using `qemu_malloc` or similar functions.

To mitigate these risks, you should add checks to ensure that `breakpoint` is not null before calling `TAILQ_REMOVE` and `qemu_free`. Additionally, consider implementing synchronization mechanisms if the list is accessed from multiple threads."
797,Qwen/Qwen2.5-7B-Instruct,"void ff_put_dirac_pixels32_sse2(uint8_t *dst, const uint8_t *src[5], int stride, int h)

{

    if (h&3) {

        ff_put_dirac_pixels32_c(dst, src, stride, h);

    } else {

    ff_put_pixels16_sse2(dst   , src[0]   , stride, h);

    ff_put_pixels16_sse2(dst+16, src[0]+16, stride, h);

    }

}
",False,"FINAL_VERDICT: False

The code appears to handle the case where the height `h` is not a multiple of 4 by falling back to a non-SSE2 optimized function (`ff_put_dirac_pixels32_c`). However, the main concern here is the potential for out-of-bounds memory access in the SSE2 optimized section when `h` is a multiple of 4.

In the SSE2 optimized section, the code processes two 16-pixel blocks at a time. If `h` is a multiple of 4, it will process `h/4` blocks. The issue arises because the code does not check if the destination and source pointers exceed the bounds of the arrays. Specifically, the code assumes that `src[0] + 16` and `dst + 16` are valid addresses, which may not be true if the source data is not aligned properly or if the height is too large.

To mitigate this, you should add boundary checks before accessing `src[0] + 16` and `dst + 16`. For example:

```c
if (h & 3) {
    ff_put_dirac_pixels32_c(dst, src,"
398,Qwen/Qwen2.5-7B-Instruct,"static uint32_t intel_hda_mmio_readw(void *opaque, target_phys_addr_t addr)

{

    IntelHDAState *d = opaque;

    const IntelHDAReg *reg = intel_hda_reg_find(d, addr);



    return intel_hda_reg_read(d, reg, 0xffff);

}
",False,"FINAL_VERDICT: False

The code appears to be reading from a memory-mapped I/O (MMIO) address for an Intel High Definition Audio (HDA) device. The primary concern here is the potential for out-of-bounds access if `intel_hda_reg_find` returns a null pointer or an invalid register structure. Additionally, the function `intel_hda_reg_read` is called with `0xffff`, which might not be the correct value depending on the context and the specific requirements of the HDA device.

To ensure security and correctness, the following improvements should be considered:

1. **Null Pointer Check**: Ensure that `reg` is not null before calling `intel_hda_reg_read`.
2. **Bounds Checking**: Verify that the `addr` parameter is within expected bounds.
3. **Correct Context**: Ensure that the `0xffff` value passed to `intel_hda_reg_read` is appropriate for the specific register being accessed.

Here is an example of how you might modify the function to include these checks:

```c
static uint32_t intel_hda_mmio_readw(void *opaque, target_phys_addr_t addr)
{
    IntelHDAState *d = opaque;
    const IntelH"
618,Qwen/Qwen2.5-7B-Instruct,"static int get_coc(Jpeg2000DecoderContext *s, Jpeg2000CodingStyle *c,

                   uint8_t *properties)

{

    int compno;



    if (s->buf_end - s->buf < 2)

        return AVERROR_INVALIDDATA;



    compno = bytestream_get_byte(&s->buf);



    c      += compno;

    c->csty = bytestream_get_byte(&s->buf);

    get_cox(s, c);



    properties[compno] |= HAD_COC;

    return 0;

}
",True,"FINAL_VERDICT: True

The code appears to be vulnerable to potential out-of-bounds access due to the way `compno` is used to index into the `properties` array and the `c` pointer. Specifically, if `compno` is out of the valid range for the `properties` array indices or if it points to an invalid location in the `c` array, it could lead to undefined behavior or security issues such as buffer overflows. Additionally, the function does not check if `compno` is within the valid range of component numbers before accessing the arrays. This can be exploited if an attacker provides a malicious value for `compno`."
442,Qwen/Qwen2.5-7B-Instruct,"static uint8_t *l2cap_bframe_out(struct bt_l2cap_conn_params_s *parm, int len)

{

    struct l2cap_chan_s *chan = (struct l2cap_chan_s *) parm;



    if (len > chan->params.remote_mtu) {

        fprintf(stderr, ""%s: B-Frame for CID %04x longer than %i octets.\n"",

                        __func__,

                        chan->remote_cid, chan->params.remote_mtu);

        exit(-1);

    }



    return l2cap_pdu_out(chan->l2cap, chan->remote_cid, len);

}
",False,"FINAL_VERDICT: False

The code appears to be checking if the length of the data (`len`) is greater than the remote MTU (Maximum Transmission Unit) of the channel. If it is, an error message is printed and the program exits. This is a basic sanity check to ensure that the data being sent does not exceed the maximum size that can be transmitted over the link.

However, there are a few potential issues and areas for improvement:

1. **Error Handling**: The current implementation prints an error message and exits the program. While this prevents sending oversized packets, it might be better to handle the error more gracefully, perhaps by returning an error status or taking corrective action within the program.

2. **Security Considerations**: Although the code checks the length against the remote MTU, it does not validate the `chan` pointer or the `len` parameter. If these values are manipulated by an attacker, it could lead to undefined behavior or security vulnerabilities.

3. **Code Clarity**: The cast from `struct bt_l2cap_conn_params_s *` to `struct l2cap_chan_s *` is somewhat implicit and could be clearer. It would be better to use a named variable for the channel structure to improve"
795,Qwen/Qwen2.5-7B-Instruct,"static void fifo_deinit(AVFormatContext *avf)

{

    FifoContext *fifo = avf->priv_data;



    av_dict_free(&fifo->format_options);

    avformat_free_context(fifo->avf);

    av_thread_message_queue_free(&fifo->queue);

    pthread_mutex_destroy(&fifo->overflow_flag_lock);

}
",True,"FINAL_VERDICT: False

The code provided appears to be a function for deinitializing a FIFO context in an AVFormatContext structure. While the code itself does not contain obvious security vulnerabilities such as buffer overflows or improper input handling, there are a few areas that could be improved for better security and robustness:

1. **Error Handling**: The code does not check for errors after calling `av_dict_free`, `avformat_free_context`, and `av_thread_message_queue_free`. If any of these functions return an error, the program might continue to run with undefined behavior.

2. **Thread Safety**: The function assumes that the mutex (`fifo->overflow_flag_lock`) is properly initialized before it is destroyed. If the mutex was not correctly initialized or if it is accessed from multiple threads without proper synchronization, it could lead to race conditions or other concurrency issues.

3. **Resource Cleanup**: The function does not explicitly free any dynamically allocated memory within the `FifoContext` structure. If there are any pointers stored in `fifo->format_options` or other members, they should be freed to avoid memory leaks.

To improve the security and robustness of the code, consider adding error checks and ensuring all resources are properly cleaned up."
750,Qwen/Qwen2.5-7B-Instruct,"static uint64_t omap_lpg_read(void *opaque, target_phys_addr_t addr,

                              unsigned size)

{

    struct omap_lpg_s *s = (struct omap_lpg_s *) opaque;

    int offset = addr & OMAP_MPUI_REG_MASK;



    if (size != 1) {

        return omap_badwidth_read8(opaque, addr);

    }



    switch (offset) {

    case 0x00:	/* LCR */

        return s->control;



    case 0x04:	/* PMR */

        return s->power;

    }



    OMAP_BAD_REG(addr);

    return 0;

}
",False,"FINAL_VERDICT: True

The code has a potential vulnerability due to the lack of bounds checking for the `offset` variable within the `switch` statement. If an invalid or out-of-bounds `offset` is provided, the function will call `OMAP_BAD_REG(addr);` and return 0, which could potentially lead to unexpected behavior or security issues if the caller does not handle such cases properly. Additionally, the function does not handle the case where `offset` does not match any of the defined cases, which could also lead to undefined behavior."
789,Qwen/Qwen2.5-7B-Instruct,"void helper_wrpstate(CPUSPARCState *env, target_ulong new_state)

{

    cpu_change_pstate(env, new_state & 0xf3f);



#if !defined(CONFIG_USER_ONLY)

    if (cpu_interrupts_enabled(env)) {


        cpu_check_irqs(env);


    }

#endif

}",True,"FINAL_VERDICT: False

The code snippet provided appears to be part of a function that changes the state of a CPU in a SPARC environment and checks for interrupts if certain conditions are met. The primary concern here is the conditional check for `CONFIG_USER_ONLY` which, if defined, would disable the interrupt check. This could potentially lead to security vulnerabilities if the system is not running in user-only mode and critical interrupts are not being properly checked.

If `CONFIG_USER_ONLY` is not defined, the function will always check for interrupts when they are enabled. However, if `CONFIG_USER_ONLY` is defined, the interrupt check will be skipped, which could allow for potential security issues such as unhandled interrupts or race conditions where critical system states are not properly managed.

To mitigate this, it is recommended to ensure that the interrupt check is performed regardless of the `CONFIG_USER_ONLY` configuration unless there is a specific and well-documented reason to exclude it."
66,Qwen/Qwen2.5-Coder-7B-Instruct,"static void gicv3_cpuif_el_change_hook(ARMCPU *cpu, void *opaque)

{

    /* Do nothing for now. */

}
",False,"FINAL_VERDICT: False

The provided code snippet defines a function `gicv3_cpuif_el_change_hook` that takes two parameters: an `ARMCPU` pointer and a `void` pointer. The function body currently contains only a comment stating ""Do nothing for now."" This function does not perform any operations that could introduce vulnerabilities.

However, it's important to note that the absence of functionality does not necessarily mean the function is secure. If this function is intended to be called in certain scenarios but is left unimplemented, it might lead to unexpected behavior if the calling code assumes the function will perform some action. Additionally, if this function is part of a larger system where other components rely on its implementation, leaving it empty could cause issues when those components expect specific behaviors.

In conclusion, while the current implementation is safe from known vulnerabilities, the lack of functionality should be addressed based on the intended use of the function within the broader context of the system."
316,Qwen/Qwen2.5-Coder-7B-Instruct,"static inline int onenand_load_spare(OneNANDState *s, int sec, int secn,

                void *dest)

{

    uint8_t buf[512];



    if (s->bdrv_cur) {

        if (bdrv_read(s->bdrv_cur, s->secs_cur + (sec >> 5), buf, 1) < 0)

            return 1;

        memcpy(dest, buf + ((sec & 31) << 4), secn << 4);

    } else if (sec + secn > s->secs_cur)

        return 1;

    else

        memcpy(dest, s->current + (s->secs_cur << 9) + (sec << 4), secn << 4);

 

    return 0;

}
",False,"FINAL_VERDICT: True

The function `onenand_load_spare` contains several potential security issues:

1. **Buffer Overflow**: The `memcpy` operation can lead to buffer overflow if `secn` is large enough. Although the buffer size is fixed at 512 bytes, the calculation `(sec & 31) << 4` and `secn << 4` might result in copying more than 512 bytes into the destination buffer.

2. **Uninitialized Memory Access**: If `s->bdrv_cur` is not initialized or is null, calling `bdrv_read` will likely result in undefined behavior, potentially leading to crashes or security vulnerabilities.

3. **Potential for Denial of Service (DoS)**: If an attacker can control the values of `sec`, `secn`, and `dest`, they could cause the function to read from invalid memory locations or write beyond allocated buffers, leading to a DoS attack.

4. **Lack of Error Handling**: The function does not handle errors returned by `bdrv_read` properly. A failed read operation should be handled gracefully to prevent further operations that depend on the success of the read.

To mitigate these risks, the function"
658,Qwen/Qwen2.5-Coder-7B-Instruct,"void cpu_breakpoint_remove_by_ref(CPUState *env, CPUBreakpoint *breakpoint)

{

#if defined(TARGET_HAS_ICE)

    TAILQ_REMOVE(&env->breakpoints, breakpoint, entry);



    breakpoint_invalidate(env, breakpoint->pc);



    qemu_free(breakpoint);

#endif

}
",False,"FINAL_VERDICT: False

The provided code snippet appears to be part of a function that removes a CPU breakpoint from a list and invalidates it. The code uses `TAILQ_REMOVE` to remove the breakpoint from the list and then calls `qemu_free` to free the memory allocated for the breakpoint.

However, there are a few potential issues to consider:

1. **Memory Safety**: The use of `qemu_free` without any checks can lead to undefined behavior if the pointer passed to it is not valid or has already been freed. This could potentially cause crashes or security vulnerabilities if an attacker can control the pointer values.

2. **Resource Management**: If the breakpoint structure contains pointers to other resources that need to be freed, they should also be handled properly to avoid resource leaks.

3. **Thread Safety**: If multiple threads can access and modify the breakpoint list concurrently, proper synchronization mechanisms should be used to prevent race conditions.

4. **Error Handling**: There is no error handling in the code. If `TAILQ_REMOVE` fails (which theoretically shouldn't happen unless the breakpoint is not found in the list), the function will continue execution without any indication of failure.

Given these considerations, while the code does not appear to have"
797,Qwen/Qwen2.5-Coder-7B-Instruct,"void ff_put_dirac_pixels32_sse2(uint8_t *dst, const uint8_t *src[5], int stride, int h)

{

    if (h&3) {

        ff_put_dirac_pixels32_c(dst, src, stride, h);

    } else {

    ff_put_pixels16_sse2(dst   , src[0]   , stride, h);

    ff_put_pixels16_sse2(dst+16, src[0]+16, stride, h);

    }

}
",False,"FINAL_VERDICT: False

The provided code snippet appears to be a function that processes image data using SIMD instructions for performance optimization. The function `ff_put_dirac_pixels32_sse2` takes parameters for destination and source pointers, stride, and height.

Upon analysis, there are no obvious security vulnerabilities present in the given code snippet. It checks if the height (`h`) is not a multiple of 4 and calls a different function (`ff_put_dirac_pixels32_c`) if true. Otherwise, it proceeds to process the pixels using SSE2 instructions.

However, it's important to note that while the code itself does not contain any direct security flaws, its usage context could introduce vulnerabilities. For instance, if the input parameters (`dst`, `src`, `stride`, `h`) are not properly validated before being used, they could lead to buffer overflows or other issues. Additionally, the use of SIMD instructions assumes that the hardware supports them and that the compiler correctly optimizes the code, which might not always be the case.

In conclusion, based solely on the provided code snippet, there are no apparent security vulnerabilities. However, the overall security of the system would depend on how this function is integrated into the larger application"
398,Qwen/Qwen2.5-Coder-7B-Instruct,"static uint32_t intel_hda_mmio_readw(void *opaque, target_phys_addr_t addr)

{

    IntelHDAState *d = opaque;

    const IntelHDAReg *reg = intel_hda_reg_find(d, addr);



    return intel_hda_reg_read(d, reg, 0xffff);

}
",False,"FINAL_VERDICT: True

The function `intel_hda_mmio_readw` reads a 16-bit value from an Intel HDA register. However, there is no validation of the `addr` parameter to ensure it falls within the valid range of addresses for the Intel HDA device. This could lead to out-of-bounds memory access if an attacker can control the `addr` parameter. Additionally, the function always reads 16 bits (`0xffff`) regardless of the actual size of the register being accessed, which might not be correct for all registers. These issues make the code potentially vulnerable to security risks such as buffer overflows and incorrect data handling."
618,Qwen/Qwen2.5-Coder-7B-Instruct,"static int get_coc(Jpeg2000DecoderContext *s, Jpeg2000CodingStyle *c,

                   uint8_t *properties)

{

    int compno;



    if (s->buf_end - s->buf < 2)

        return AVERROR_INVALIDDATA;



    compno = bytestream_get_byte(&s->buf);



    c      += compno;

    c->csty = bytestream_get_byte(&s->buf);

    get_cox(s, c);



    properties[compno] |= HAD_COC;

    return 0;

}
",True,"FINAL_VERDICT: True

The function `get_coc` does not perform any bounds checking on the `compno` value before using it to index into the `c` array. This could lead to an out-of-bounds access if `compno` is larger than the number of valid components in the JPEG2000 image, potentially leading to security vulnerabilities such as information disclosure or arbitrary code execution. Additionally, the lack of proper error handling for cases where `compno` is invalid could also be exploited."
442,Qwen/Qwen2.5-Coder-7B-Instruct,"static uint8_t *l2cap_bframe_out(struct bt_l2cap_conn_params_s *parm, int len)

{

    struct l2cap_chan_s *chan = (struct l2cap_chan_s *) parm;



    if (len > chan->params.remote_mtu) {

        fprintf(stderr, ""%s: B-Frame for CID %04x longer than %i octets.\n"",

                        __func__,

                        chan->remote_cid, chan->params.remote_mtu);

        exit(-1);

    }



    return l2cap_pdu_out(chan->l2cap, chan->remote_cid, len);

}
",False,"FINAL_VERDICT: True

The function `l2cap_bframe_out` does not properly validate the input parameter `len`. If an attacker can control the value of `len`, they could potentially cause a buffer overflow by sending a packet larger than the remote MTU (`chan->params.remote_mtu`). The check `if (len > chan->params.remote_mtu)` is intended to prevent this, but it relies on the assumption that `chan->params.remote_mtu` is correctly set and cannot be manipulated by an external user. If there is any possibility that `chan->params.remote_mtu` could be set incorrectly or maliciously, this function would be vulnerable to a buffer overflow attack."
795,Qwen/Qwen2.5-Coder-7B-Instruct,"static void fifo_deinit(AVFormatContext *avf)

{

    FifoContext *fifo = avf->priv_data;



    av_dict_free(&fifo->format_options);

    avformat_free_context(fifo->avf);

    av_thread_message_queue_free(&fifo->queue);

    pthread_mutex_destroy(&fifo->overflow_flag_lock);

}
",True,"FINAL_VERDICT: False

The provided code snippet appears to be a function for deinitializing a FIFO context in an AVFormatContext. It frees various resources such as dictionary options, format context, message queue, and mutex lock. The code does not appear to have any obvious security vulnerabilities that would compromise its functionality or integrity. However, it's important to ensure that all pointers and resources are properly managed throughout the application to prevent memory leaks or other issues. Without additional context about how `FifoContext` and related structures are used elsewhere in the application, it's difficult to provide a definitive assessment of overall security."
750,Qwen/Qwen2.5-Coder-7B-Instruct,"static uint64_t omap_lpg_read(void *opaque, target_phys_addr_t addr,

                              unsigned size)

{

    struct omap_lpg_s *s = (struct omap_lpg_s *) opaque;

    int offset = addr & OMAP_MPUI_REG_MASK;



    if (size != 1) {

        return omap_badwidth_read8(opaque, addr);

    }



    switch (offset) {

    case 0x00:	/* LCR */

        return s->control;



    case 0x04:	/* PMR */

        return s->power;

    }



    OMAP_BAD_REG(addr);

    return 0;

}
",False,"FINAL_VERDICT: False

The provided code snippet appears to be part of a device model for an OMAP Low Power Generator (LPG) in QEMU. The function `omap_lpg_read` handles read operations from the device's registers. Here’s a breakdown of the analysis:

1. **Function Parameters**:
   - `void *opaque`: A pointer to the device state structure.
   - `target_phys_addr_t addr`: The physical address being accessed.
   - `unsigned size`: The size of the data being read.

2. **Device State Access**:
   - The function casts `opaque` to a pointer to `struct omap_lpg_s`, which presumably contains the device's state information (`control` and `power`).

3. **Address Masking**:
   - The `addr` is masked with `OMAP_MPUI_REG_MASK` to extract the relevant register offset.

4. **Size Check**:
   - If the `size` is not 1 byte, it calls `omap_badwidth_read8` to handle the error appropriately.

5. **Register Handling**:
   - The function uses a `switch` statement to handle different register offsets:
     - `0x00`"
789,Qwen/Qwen2.5-Coder-7B-Instruct,"void helper_wrpstate(CPUSPARCState *env, target_ulong new_state)

{

    cpu_change_pstate(env, new_state & 0xf3f);



#if !defined(CONFIG_USER_ONLY)

    if (cpu_interrupts_enabled(env)) {


        cpu_check_irqs(env);


    }

#endif

}",True,"FINAL_VERDICT: False

The provided code snippet appears to be part of a function that changes the state of a CPU and checks for interrupts. The function `helper_wrpstate` takes a pointer to a `CPUSPARCState` structure and a `target_ulong` value representing the new state. It then calls `cpu_change_pstate` with the new state masked by `0xf3f`.

Here's a breakdown of the code:

1. **Function Signature**:
   ```c
   void helper_wrpstate(CPUSPARCState *env, target_ulong new_state)
   ```
   This function does not return any value (`void`) and takes two parameters: a pointer to a `CPUSPARCState` structure (`env`) and a `target_ulong` value (`new_state`).

2. **Changing the State**:
   ```c
   cpu_change_pstate(env, new_state & 0xf3f);
   ```
   This line changes the CPU state using the `cpu_change_pstate` function. The `new_state` is masked with `0xf3f`, which means only certain bits of `new_state` will be used.

3. **Interrupt Handling**:
"
66,codellama/CodeLlama-7b-Instruct-hf,"static void gicv3_cpuif_el_change_hook(ARMCPU *cpu, void *opaque)

{

    /* Do nothing for now. */

}
",False," FINAL_VERDICT: False

This code appears to be a stub function for a hook that is called when the CPU interface EL (Exception Level) changes. The function does nothing for now, but it could potentially be used to perform additional actions when the EL changes.

However, there is no obvious vulnerability in this code. The function does not appear to access any sensitive data or perform any sensitive operations, and it does not appear to be vulnerable to any type of attack.

Therefore, I would classify this code as 100% secure."
316,codellama/CodeLlama-7b-Instruct-hf,"static inline int onenand_load_spare(OneNANDState *s, int sec, int secn,

                void *dest)

{

    uint8_t buf[512];



    if (s->bdrv_cur) {

        if (bdrv_read(s->bdrv_cur, s->secs_cur + (sec >> 5), buf, 1) < 0)

            return 1;

        memcpy(dest, buf + ((sec & 31) << 4), secn << 4);

    } else if (sec + secn > s->secs_cur)

        return 1;

    else

        memcpy(dest, s->current + (s->secs_cur << 9) + (sec << 4), secn << 4);

 

    return 0;

}
",False," FINAL_VERDICT: True

This code appears to be vulnerable to a buffer overflow attack. The function takes an integer `sec` as an argument, which is used to index into a buffer of size 512 bytes. The function then copies `secn` bytes from the buffer to a destination pointer. If `secn` is greater than 31, this will result in a buffer overflow, as the buffer is only 512 bytes in size.

Additionally, the function does not perform any bounds checking on the `sec` and `secn` arguments, which means that an attacker could potentially pass in malicious values to exploit this vulnerability.

To fix this vulnerability, the function should perform bounds checking on the `sec` and `secn` arguments, and ensure that the buffer is not overflowed."
658,codellama/CodeLlama-7b-Instruct-hf,"void cpu_breakpoint_remove_by_ref(CPUState *env, CPUBreakpoint *breakpoint)

{

#if defined(TARGET_HAS_ICE)

    TAILQ_REMOVE(&env->breakpoints, breakpoint, entry);



    breakpoint_invalidate(env, breakpoint->pc);



    qemu_free(breakpoint);

#endif

}
",False," FINAL_VERDICT: True

This code appears to be vulnerable to a use-after-free vulnerability. The function `cpu_breakpoint_remove_by_ref` removes a breakpoint from the CPUState's breakpoint list and then frees the breakpoint object using `qemu_free`. However, the function does not check if the breakpoint is still in the list before removing it, which could result in a use-after-free vulnerability if the breakpoint is removed twice or if the list is modified concurrently.

Additionally, the function does not properly invalidate the breakpoint's PC value, which could allow an attacker to potentially exploit the vulnerability.

To fix this vulnerability, the function should check if the breakpoint is still in the list before removing it, and it should properly invalidate the breakpoint's PC value."
797,codellama/CodeLlama-7b-Instruct-hf,"void ff_put_dirac_pixels32_sse2(uint8_t *dst, const uint8_t *src[5], int stride, int h)

{

    if (h&3) {

        ff_put_dirac_pixels32_c(dst, src, stride, h);

    } else {

    ff_put_pixels16_sse2(dst   , src[0]   , stride, h);

    ff_put_pixels16_sse2(dst+16, src[0]+16, stride, h);

    }

}
",False," FINAL_VERDICT: True

This code appears to be vulnerable to a buffer overflow attack. The function takes an array of pointers to source data as an argument, and uses the `stride` parameter to access the data. However, the `stride` parameter is not properly validated, which allows an attacker to provide a malicious `stride` value that could cause the function to access memory outside of the allocated buffer.

For example, if the `stride` value is negative, the function could access memory before the start of the buffer, or after the end of the buffer. Similarly, if the `stride` value is very large, the function could access memory beyond the end of the buffer.

To exploit this vulnerability, an attacker could provide a malicious `stride` value that causes the function to access memory outside of the allocated buffer, leading to a buffer overflow. This could potentially allow the attacker to execute arbitrary code, leading to a security breach.

To fix this vulnerability, the `stride` parameter should be properly validated to ensure that it is within the expected range. Additionally, the function should be"
398,codellama/CodeLlama-7b-Instruct-hf,"static uint32_t intel_hda_mmio_readw(void *opaque, target_phys_addr_t addr)

{

    IntelHDAState *d = opaque;

    const IntelHDAReg *reg = intel_hda_reg_find(d, addr);



    return intel_hda_reg_read(d, reg, 0xffff);

}
",False," FINAL_VERDICT: False

This code appears to be a function that reads a 16-bit value from a memory-mapped register in the Intel HD Audio controller. The function takes two arguments: `opaque` and `addr`. The `opaque` argument is a pointer to a structure of type `IntelHDAState`, which contains information about the controller's state. The `addr` argument is the address of the memory-mapped register to read from.

The function first finds the register that corresponds to the `addr` argument using the `intel_hda_reg_find` function. It then reads the value of the register using the `intel_hda_reg_read` function, which takes the `IntelHDAState` structure and the register as arguments. The `intel_hda_reg_read` function returns the value of the register.

The function then returns the value of the register as a 32-bit unsigned integer.

There are no obvious vulnerabilities in this code. However, it is important to note that the `intel_hda_reg_find`"
618,codellama/CodeLlama-7b-Instruct-hf,"static int get_coc(Jpeg2000DecoderContext *s, Jpeg2000CodingStyle *c,

                   uint8_t *properties)

{

    int compno;



    if (s->buf_end - s->buf < 2)

        return AVERROR_INVALIDDATA;



    compno = bytestream_get_byte(&s->buf);



    c      += compno;

    c->csty = bytestream_get_byte(&s->buf);

    get_cox(s, c);



    properties[compno] |= HAD_COC;

    return 0;

}
",True," FINAL_VERDICT: True

This code appears to be vulnerable to a buffer overflow attack. The function `get_coc` takes a pointer to a `Jpeg2000DecoderContext` structure as its first argument, and modifies the structure's `buf` field. However, it does not check the bounds of the `buf` field before modifying it, which could allow an attacker to overflow the buffer and write to arbitrary memory locations.

Additionally, the function does not properly validate the input parameters, which could allow an attacker to manipulate the `compno` variable and potentially cause a buffer overflow.

To exploit this vulnerability, an attacker could send a specially crafted JPEG 2000 file with a malicious `compno` value, which could cause the `get_coc` function to write to arbitrary memory locations. This could potentially allow the attacker to execute arbitrary code with the privileges of the process running the vulnerable code.

To fix this vulnerability, the `get_coc` function should be modified to check the bounds of the `buf` field before modifying it"
442,codellama/CodeLlama-7b-Instruct-hf,"static uint8_t *l2cap_bframe_out(struct bt_l2cap_conn_params_s *parm, int len)

{

    struct l2cap_chan_s *chan = (struct l2cap_chan_s *) parm;



    if (len > chan->params.remote_mtu) {

        fprintf(stderr, ""%s: B-Frame for CID %04x longer than %i octets.\n"",

                        __func__,

                        chan->remote_cid, chan->params.remote_mtu);

        exit(-1);

    }



    return l2cap_pdu_out(chan->l2cap, chan->remote_cid, len);

}
",False," FINAL_VERDICT: False

This code appears to be a function that is responsible for sending a B-Frame over a L2CAP connection. The function takes two arguments: a pointer to a `struct bt_l2cap_conn_params_s` and an integer representing the length of the B-Frame.

The function first casts the `struct bt_l2cap_conn_params_s` pointer to a `struct l2cap_chan_s` pointer, which is then used to access the `remote_cid` field. The function then checks if the length of the B-Frame is greater than the `remote_mtu` field of the `struct l2cap_chan_s` structure. If it is, the function prints an error message to stderr and exits with a non-zero exit code.

The function then calls the `l2cap_pdu_out` function, passing in the `chan->l2cap` pointer and the `chan->remote_cid` as arguments. The `l2cap_pdu_out` function is responsible for sending the B-Frame over the"
795,codellama/CodeLlama-7b-Instruct-hf,"static void fifo_deinit(AVFormatContext *avf)

{

    FifoContext *fifo = avf->priv_data;



    av_dict_free(&fifo->format_options);

    avformat_free_context(fifo->avf);

    av_thread_message_queue_free(&fifo->queue);

    pthread_mutex_destroy(&fifo->overflow_flag_lock);

}
",True," FINAL_VERDICT: False

This code appears to be a deinitialization function for a FIFO (First-In-First-Out) buffer. It frees the memory allocated for the buffer and its associated resources.

The function takes an AVFormatContext pointer as an argument, which is used to access the private data of the buffer. The private data is a FifoContext structure, which contains the actual buffer and its associated resources.

The function first frees the format options dictionary using av_dict_free(). This dictionary is used to store the format options for the buffer.

Next, the function frees the AVFormatContext structure using avformat_free_context(). This structure is used to store the context for the buffer.

The function then frees the thread message queue using av_thread_message_queue_free(). This queue is used to communicate between threads.

Finally, the function destroys the mutex lock used to protect the overflow flag using pthread_mutex_destroy().

Overall, this code appears to be a well-written deinitialization function for a FIFO buffer. It frees the memory"
750,codellama/CodeLlama-7b-Instruct-hf,"static uint64_t omap_lpg_read(void *opaque, target_phys_addr_t addr,

                              unsigned size)

{

    struct omap_lpg_s *s = (struct omap_lpg_s *) opaque;

    int offset = addr & OMAP_MPUI_REG_MASK;



    if (size != 1) {

        return omap_badwidth_read8(opaque, addr);

    }



    switch (offset) {

    case 0x00:	/* LCR */

        return s->control;



    case 0x04:	/* PMR */

        return s->power;

    }



    OMAP_BAD_REG(addr);

    return 0;

}
",False," FINAL_VERDICT: True

This code appears to be vulnerable to a buffer overflow attack. The `omap_lpg_read` function takes an `addr` parameter, which is used to index into a structure of type `struct omap_lpg_s`. The `addr` parameter is then used to calculate an offset into the structure, which is then used to read a value from the structure.

The vulnerability arises from the fact that the `addr` parameter is not properly validated. The function assumes that the `addr` parameter is a valid offset into the structure, but it does not check whether the offset is within the bounds of the structure. An attacker could potentially provide an `addr` value that is outside the bounds of the structure, which would cause the function to read data from an unexpected location in memory.

To exploit this vulnerability, an attacker could provide an `addr` value that is greater than the size of the structure, which would cause the function to read data from an unexpected location in memory. This could potentially lead to the disclosure of sensitive information or the execution of malicious code.

To fix this vulner"
789,codellama/CodeLlama-7b-Instruct-hf,"void helper_wrpstate(CPUSPARCState *env, target_ulong new_state)

{

    cpu_change_pstate(env, new_state & 0xf3f);



#if !defined(CONFIG_USER_ONLY)

    if (cpu_interrupts_enabled(env)) {


        cpu_check_irqs(env);


    }

#endif

}",True," FINAL_VERDICT: False

This code appears to be a function that is responsible for changing the processor state of a SPARC CPU. The function takes two arguments: a pointer to a CPU state structure and a new state value. The function first masks the new state value with 0xf3f to ensure that only the lower 10 bits are used, and then calls the cpu_change_pstate function to update the processor state.

The function then checks if interrupts are enabled for the CPU, and if so, it calls the cpu_check_irqs function to check for any pending interrupts.

There are no obvious vulnerabilities in this code. The function does not appear to be vulnerable to any type of attack, and it does not contain any code that could be used to exploit the CPU or access sensitive data.

However, it is important to note that this code is part of a larger system, and it is possible that there are other vulnerabilities or security issues that could be exploited in other parts of the system. Therefore, it is important to conduct a thorough security assessment of the entire system to ensure that it is secure"
66,deepseek-ai/DeepSeek-R1-Distill-Qwen-7B,"static void gicv3_cpuif_el_change_hook(ARMCPU *cpu, void *opaque)

{

    /* Do nothing for now. */

}
",False,"Okay, so I need to analyze this piece of code for vulnerabilities. The function is called gicv3_cpuif_el_change_hook and it's a static function taking an ARMCPU pointer and a void pointer. The code inside is just a comment saying ""Do nothing for now."" 

First, I should understand what this function is supposed to do. The name suggests it's a hook for changes in the CPU instruction set, specifically related to the CPU instruction encoding (CIE) and the exception handling (EL) units. So, it's likely used in a security context to intercept or modify instructions when certain changes occur.

Looking at the code, it's empty except for a comment. That's a red flag. If the function is supposed to perform some critical security-related task, having it do nothing could mean it's not functioning as intended. 

Potential vulnerabilities could include:

1. **No Operation on Critical Data**: If this hook is meant to intercept and modify instructions, not doing anything could leave the system vulnerable to attacks that exploit unpatched instruction encodings or exceptions.

2. **Lack of Error Handling**: The function doesn't check for null pointers or invalid arguments. If 'cpu' is null or 'opaque' is not properly allocated, it could cause undefined behavior or crashes.

3. **Insufficient Scope Protection**: If the hook is supposed to modify instructions but doesn't, it might not be effective in preventing certain types of attacks, like speculative execution or instruction skipping.

4. **No Return Value Handling**: Even though it's a void function, not handling cases where the function might not return could lead to issues, though in this case, it's just a void return, so that's probably not the main issue.

5. **Security-Pertinent Vulnerabilities**: Since it's a hook meant for security, not performing its intended function could leave the system open to exploitation. For example, if it's supposed to patch or modify instructions but doesn't, attackers might find ways to exploit the unpatched code.

I should also consider if there are any standard vulnerabilities associated with such hooks. For instance, if the hook is supposed to prevent certain attacks but isn't doing anything, it could be a vector for those attacks to proceed. Additionally, if the function doesn't properly handle all possible inputs, it might not be robust against various attack vectors.

In conclusion, the lack of functionality in this hook is a significant vulnerability. It doesn't perform its intended security role, which could lead to system compromises. Therefore, the code is vulnerable.
</think>

The provided code defines a function `gicv3_cpuif_el_change_hook` which is intended to handle changes in CPU instruction encoding and exception units. However, the function is empty except for a comment, indicating it does not perform any operations as intended. This lack of functionality is a critical security vulnerability, as it leaves the system susceptible to attacks that exploit unpatched instruction encodings or exceptions. 

**FINAL_VERDICT: True**"
316,deepseek-ai/DeepSeek-R1-Distill-Qwen-7B,"static inline int onenand_load_spare(OneNANDState *s, int sec, int secn,

                void *dest)

{

    uint8_t buf[512];



    if (s->bdrv_cur) {

        if (bdrv_read(s->bdrv_cur, s->secs_cur + (sec >> 5), buf, 1) < 0)

            return 1;

        memcpy(dest, buf + ((sec & 31) << 4), secn << 4);

    } else if (sec + secn > s->secs_cur)

        return 1;

    else

        memcpy(dest, s->current + (s->secs_cur << 9) + (sec << 4), secn << 4);

 

    return 0;

}
",False,"Okay, so I'm trying to analyze this code for vulnerabilities. The function is called onenand_load_spare and it's part of some OneNAND storage system. Let me go through it step by step.

First, I see that it's using a buffer of size 512, which is standard for NAND operations. The function takes several parameters: a pointer to the state, integers sec and secn, and a destination pointer. 

Looking at the code, the first thing it does is declare a buffer 'buf' of size 512. Then, it checks if s->bdrv_cur is not null. If it is, it tries to read from the current block. It uses bdrv_read to read starting from s->secs_cur plus (sec >> 5). The buffer is filled, and then it copies data from buf into dest starting at (sec & 31) << 4, copying secn << 4 bytes. 

If bdrv_cur is null, it checks if sec + secn exceeds s->secs_cur. If so, it returns 1, which I assume is an error. Otherwise, it copies from s->current, starting at s->secs_cur shifted left by 9 bits, plus sec shifted left by 4 bits, for secn << 4 bytes.

Wait, I'm noticing that in the first case, when bdrv_cur is used, the code reads from s->secs_cur + (sec >>5). But what if s->secs_cur is not aligned properly? Also, the way it's calculating the offset might be an issue. 

Another thing is that the function doesn't check if the buffer has enough space. It's using a fixed 512-byte buffer, but if the data to be read is larger than that, it might cause problems. Also, the way it's copying data might not handle cases where the buffer isn't fully filled or where the data size isn't a multiple of 8.

I'm also concerned about the alignment. If the data being read isn't aligned correctly, it could cause misread or corruption in the NAND storage. Additionally, the function doesn't seem to handle cases where the buffer is full or where the data read isn't successful beyond just returning 1, which might not be the correct error handling.

Another potential issue is that the function doesn't validate the parameters. For example, if sec or secn are negative or too large, it might cause undefined behavior. Also, the way it's calculating the offset (sec & 31) <<4 might not correctly handle cases where sec is larger than 31, leading to wrapping around and incorrect data being copied.

In summary, the main vulnerabilities I see are related to buffer handling, alignment, parameter validation, and error handling. The function assumes that the buffer is sufficient and that data can be copied without issues, which might not always be the case. It could lead to buffer overflows, misaligned data, or incorrect data being written to the NAND storage, which could cause data corruption or security issues.
</think>

The code provided has potential vulnerabilities related to buffer handling, alignment, and error conditions. Specifically:

1. **Buffer Handling**: The fixed-size buffer of 512 bytes may not accommodate all data sizes, leading to buffer overflow or truncation.
2. **Alignment Issues**: The calculation of offsets may not correctly handle data alignment, causing misread or corruption.
3. **Parameter Validation**: The function does not validate input parameters, which could lead to incorrect calculations and undefined behavior.
4. **Error Handling**: The error conditions are not thoroughly checked, potentially leading to incorrect return values without proper error indication.

Considering these factors, the code is not 100% secure.

**FINAL_VERDICT: True**"
658,deepseek-ai/DeepSeek-R1-Distill-Qwen-7B,"void cpu_breakpoint_remove_by_ref(CPUState *env, CPUBreakpoint *breakpoint)

{

#if defined(TARGET_HAS_ICE)

    TAILQ_REMOVE(&env->breakpoints, breakpoint, entry);



    breakpoint_invalidate(env, breakpoint->pc);



    qemu_free(breakpoint);

#endif

}
",False,"Okay, so I'm trying to analyze this code snippet to see if there are any vulnerabilities. The function is called cpu_breakpoint_remove_by_ref and it's part of some CPU state management code. Let me break it down step by step.

First, I notice that the function is conditional. It checks if the TARGET_HAS_ICE macro is defined. If it is, it proceeds with some operations. If not, it does nothing. That seems okay, but I should think about what TARGET_HAS_ICE signifies. It's probably a preprocessor macro that indicates whether the target platform has Intel's Ice Lake architecture or something similar. So, the code is only active on platforms that support ICE.

Next, inside the if block, there are three main operations:

1. TAILQ_Remove(&env->breakpoints, breakpoint, entry);
2. breakpoint_invalidate(env, breakpoint->pc);
3. qemu_free(breakpoint);

I need to understand what each of these does. 

The first line, TAILQ_Remove, is likely a function from the tailq library, which is used for efficiently managing task queues in QEMU. TAILQ_Remove probably removes an entry from the breakpoints array. The parameters are the pointer to the breakpoints array, the breakpoint itself, and 'entry', which I assume is a structure containing information about the breakpoint.

The second line, breakpoint_invalidate, probably invalidates the breakpoint by setting its validity bits to zero. This is important because it tells QEMU that the breakpoint is no longer valid and should be ignored in future operations.

The third line, qemu_free, is used to free the memory allocated by the breakpoint. Since the function is handling the removal of a breakpoint reference, freeing the associated memory is necessary to prevent memory leaks.

Now, looking for vulnerabilities. One potential issue is with the TAILQ_Remove function. If the 'entry' parameter is not properly checked or if it's null, it could cause undefined behavior. For example, if 'entry' is null, passing it to TAILQ_Remove might lead to a null pointer dereference or other undefined operations.

Another point is the use of 'entry' in the function. If 'entry' is not properly managed, it could lead to memory leaks or other issues. For instance, if the 'entry' structure isn't correctly updated or if it's not passed by reference where it's expected, it might cause problems.

Also, the function is only active when TARGET_HAS_ICE is defined. If the code is compiled on a platform that doesn't have ICE, this function won't execute. However, if the code is supposed to handle ICE breakpoints on all platforms, this could be a problem. But without more context, it's hard to say if that's a vulnerability.

Looking at the parameters, the function takes a pointer to CPUState, which is a struct containing breakpoints. If the breakpoints array is modified elsewhere without proper synchronization, it could lead to race conditions or data corruption. But that's more of a concurrency issue than a direct vulnerability.

The breakpoint_invalidate function is called, which is good because it clears the validity bits. However, if the breakpoint's validity isn't properly managed elsewhere, it could lead to stale breakpoints being reused. But again, without more context, it's unclear if this is a vulnerability.

The qemu_free call is correct because it's freeing the memory allocated by the breakpoint. However, if the breakpoint wasn't properly allocated or if the memory wasn't freed elsewhere, it could cause memory leaks. But in this function, it's correctly freeing the memory, so that's not a vulnerability.

Another thing to consider is whether the 'entry' structure is being properly handled. If 'entry' is a local variable or if it's not being passed correctly, it could lead to issues. For example, if 'entry' is not a copy but a reference, and it's modified elsewhere, it could cause unexpected behavior.

Also, the function doesn't check if 'breakpoint' is null before accessing it. If 'breakpoint' is null, calling functions like breakpoint_invalidate or TAILQ_Remove could lead to undefined behavior. So, adding null checks would be a good security practice.

In summary, the main potential vulnerabilities here are:

1. Possible undefined behavior if 'entry' is null or improperly managed.
2. Memory leaks if 'breakpoint' is null or if the memory isn't properly managed elsewhere.
3. Race conditions or concurrency issues if the breakpoints array is accessed by multiple threads without proper synchronization.

However, without more context on how 'entry' is managed and how the breakpoints array is handled, it's hard to definitively say if these are vulnerabilities. But based on the code provided, these are the areas that could be problematic.
</think>

The code provided is part of a function responsible for removing a breakpoint reference. The analysis identifies potential issues such as undefined behavior if 'entry' is improperly managed or null, memory leaks if 'breakpoint' isn't properly handled, and concurrency issues in the breakpoints array. However, without additional context, it's challenging to conclusively determine vulnerabilities. Based on the given code, the function appears to have potential security issues but isn't definitively vulnerable.

FINAL_VERDICT: False"
797,deepseek-ai/DeepSeek-R1-Distill-Qwen-7B,"void ff_put_dirac_pixels32_sse2(uint8_t *dst, const uint8_t *src[5], int stride, int h)

{

    if (h&3) {

        ff_put_dirac_pixels32_c(dst, src, stride, h);

    } else {

    ff_put_pixels16_sse2(dst   , src[0]   , stride, h);

    ff_put_pixels16_sse2(dst+16, src[0]+16, stride, h);

    }

}
",False,"Okay, so I'm trying to analyze this code for vulnerabilities. The function is called ff_put_dirac_pixels32_sse2 and it's written in C. Let me read through the code carefully.

The function takes a destination pointer dst, a source array src with 5 elements, an integer stride, and an integer h. The first thing it does is check if h & 3 is true. If it is, it calls ff_put_dirac_pixels32_c with certain parameters. If not, it proceeds to the else block.

In the else block, it calls ff_put_pixels16_sse2 twice. The first call uses dst, src[0], stride, and h. The second call uses dst+16, src[0]+16, stride, and h. So, it looks like it's processing two 16-byte chunks from the source array and writing them into the destination.

Wait, the source array src has 5 elements. But in the else block, it's only using src[0] and src[0]+16. That means it's only using the first two elements of the src array. The other elements (src[1], src[2], src[3], src[4]) are not being used at all. That's a problem because it could lead to undefined behavior or buffer overflows if the src array is smaller than 5 elements.

So, if someone passes a src array that's smaller than 5, accessing src[1] or beyond could cause issues. For example, if src has only 2 elements, src[2] would be out of bounds, leading to a crash or undefined behavior.

Another thing to consider is whether the function is handling cases where h is 0 or negative. The condition h & 3 checks if h is 0, 1, 2, or 3. But if h is negative, this condition might not behave as intended because in C, bitwise operations on negative integers can be tricky due to sign extension. However, in this case, since h is an integer, it's probably intended to be a non-negative value, so maybe that's not a major issue here.

Also, looking at the function calls, ff_put_pixels16_sse2 is being called twice. I wonder if this function is designed to handle the entire 32-byte block or if it's only handling part of it. If it's only handling part, then the way it's being called might not be correct. But without seeing the implementation of ff_put_pixels16_sse2, it's hard to say for sure.

But the main issue I see is the use of src[0] and src[0]+16 without checking if the src array has enough elements. This could lead to buffer overflows or undefined behavior if the src array is smaller than expected. So, the code is not properly handling all cases of the src array size, which is a clear vulnerability.

Therefore, the code is vulnerable because it doesn't validate the size of the src array before accessing its elements beyond the first two. This can lead to buffer overflows or undefined behavior when the src array is too small.
</think>

The code has a vulnerability where it accesses elements of the `src` array beyond its actual size. Specifically, it uses `src[0]` and `src[0]+16` without ensuring that the `src` array has at least 5 elements. If `src` has fewer than 5 elements, accessing `src[1]`, `src[2]`, etc., will cause undefined behavior or buffer overflows.

**FINAL_VERDICT: True**"
398,deepseek-ai/DeepSeek-R1-Distill-Qwen-7B,"static uint32_t intel_hda_mmio_readw(void *opaque, target_phys_addr_t addr)

{

    IntelHDAState *d = opaque;

    const IntelHDAReg *reg = intel_hda_reg_find(d, addr);



    return intel_hda_reg_read(d, reg, 0xffff);

}
",False,"Okay, so I'm trying to analyze this code for vulnerabilities. The function is called intel_hda_mmio_readw, and it's a static function that takes a pointer to some opaque data and a target address. Let me break it down step by step.

First, the function starts by assigning the parameter opaque to a pointer called d, which is of type IntelHDAState*. That makes sense because the function is part of the Intel HD A/V Acceleration library, which often deals with hardware-specific data structures.

Next, it uses intel_hda_reg_find to get a constant pointer to an IntelHDAReg object at the address addr. The intel_hda_reg_find function probably searches the Intel HD state for a register at the given address. If it can't find it, it might return NULL or some invalid pointer, which could cause issues.

Then, the function calls intel_hda_reg_read with d, reg, and a mask of 0xffff. The mask is 0xffff, which is 0b11111111 in binary, so it's 8 bits set to 1. This suggests that the function is reading an 8-bit value, maybe a byte.

Now, looking at the potential vulnerabilities. The first thing that stands out is the use of intel_hda_reg_find. If this function returns NULL, then accessing reg->baseaddress would be undefined behavior because you're dereferencing a null pointer. So, the function doesn't check if reg is NULL before using it. That's a big red flag for a buffer overflow or undefined behavior vulnerability.

Another point is the return type. The function returns a uint32_t, which is 32 bits. However, the mask used in the read operation is 0xffff, which is only 8 bits. If the data being read is more than 8 bits, the higher bits might not be handled correctly, leading to data truncation or incorrect values. This could be a problem if the function is supposed to return more than 8 bits but isn't handling it properly.

Additionally, the function doesn't seem to handle cases where the address addr isn't a valid Intel HD address. If intel_hda_reg_find can't find the register, it returns NULL, and then the function proceeds to read from a NULL pointer, which is undefined behavior. This could lead to crashes or unexpected behavior in the application that uses this function.

I should also consider if the function is properly handling all possible return values from intel_hda_reg_find. For example, if it returns a non-NULL pointer but that pointer is invalid or corrupted, the function might read incorrect data. There's no error checking around the reg variable after the find.

In terms of security, the function lacks proper error checking and bounds checking. It's possible that under certain conditions, it could dereference a null pointer or read incorrect data, leading to vulnerabilities like buffer overflows or incorrect data processing.

So, putting it all together, the main vulnerabilities here are the lack of null checks after the find operation and the potential data truncation due to the 8-bit mask. These issues could allow for undefined behavior or data corruption, making the function insecure.
</think>

The code provided has potential vulnerabilities related to undefined behavior due to the lack of proper error checking and data truncation.

1. **Undefined Behavior Due to Null Pointer Dereference**: The function uses `intel_hda_reg_find` but does not check if the returned pointer is `NULL`. If the function cannot find the register, `reg` will be `NULL`, leading to undefined behavior when dereferencing it.

2. **Data Truncation**: The function reads 8 bytes using a mask of `0xffff`, which truncates higher-order bits. If the intended data is larger than 8 bits, this could result in data loss or incorrect values.

**FINAL_VERDICT: True**"
618,deepseek-ai/DeepSeek-R1-Distill-Qwen-7B,"static int get_coc(Jpeg2000DecoderContext *s, Jpeg2000CodingStyle *c,

                   uint8_t *properties)

{

    int compno;



    if (s->buf_end - s->buf < 2)

        return AVERROR_INVALIDDATA;



    compno = bytestream_get_byte(&s->buf);



    c      += compno;

    c->csty = bytestream_get_byte(&s->buf);

    get_cox(s, c);



    properties[compno] |= HAD_COC;

    return 0;

}
",True,"Okay, so I'm trying to analyze this code for vulnerabilities. Let me look at the code provided. It's a function called get_coc, which takes a Jpeg2000DecoderContext pointer, a CodingStyle pointer, and a uint8_t pointer called properties. 

The first line inside the function declares an integer compno. Then there's an if statement checking if s->buf_end - s->buf is less than 2. If that's true, it returns an error code. 

Next, it reads a byte from s->buf using bytestream_get_byte, assigns it to compno, and then adds compno to the pointer c. Then it sets c->csty by reading another byte. It calls get_cox(s, c), and then sets properties[compno] to have the HAD_COC bit set. Finally, it returns 0.

Hmm, I'm thinking about possible vulnerabilities here. The function is using s->buf, which is a buffer from the context. The first check is if the buffer has less than 2 bytes remaining. If so, it returns an error. That seems okay, but maybe there's something else.

The bytestream_get_byte function is called to read compno. What if this function doesn't handle end-of-file properly? If the buffer is exhausted, it might return a value that's not a valid component number, leading to unexpected behavior. 

Also, when c is incremented by compno, since c is a pointer to CodingStyle, which is a struct, adding an integer to a pointer could cause undefined behavior if the pointer is not properly aligned or if the value is too large. In C, pointer arithmetic is tricky, and adding an int to a pointer can lead to garbage data being written to memory, which could be a buffer overflow or corruption.

Another thing is that the function is modifying the properties array using properties[compno]. If compno is larger than the size of properties, this could cause an out-of-bounds access, leading to undefined behavior or a crash.

So, putting it all together, the main vulnerabilities I see are:

1. Potential buffer overflow or corruption due to pointer arithmetic when adding compno to c.
2. Possible out-of-bounds access to the properties array if compno is too large.
3. Undefined behavior when reading from s->buf if it's exhausted or not properly handled.

These issues could allow an attacker to manipulate the data or cause unexpected behavior, leading to security vulnerabilities.
</think>

The code has potential vulnerabilities related to pointer arithmetic and buffer handling. Specifically, adding an integer to a pointer (c += compno) can lead to undefined behavior. Additionally, accessing properties[compno] without bounds checking can cause undefined behavior. These issues could allow an attacker to manipulate data or cause unexpected behavior.

FINAL_VERDICT: True"
442,deepseek-ai/DeepSeek-R1-Distill-Qwen-7B,"static uint8_t *l2cap_bframe_out(struct bt_l2cap_conn_params_s *parm, int len)

{

    struct l2cap_chan_s *chan = (struct l2cap_chan_s *) parm;



    if (len > chan->params.remote_mtu) {

        fprintf(stderr, ""%s: B-Frame for CID %04x longer than %i octets.\n"",

                        __func__,

                        chan->remote_cid, chan->params.remote_mtu);

        exit(-1);

    }



    return l2cap_pdu_out(chan->l2cap, chan->remote_cid, len);

}
",False,"Okay, so I'm trying to analyze this code for vulnerabilities. Let me look at the code provided.

The function is called l2cap_bframe_out and it takes a struct bt_l2cap_conn_params_s called parm and an integer len. It returns a pointer to a static uint8_t array.

First, the code casts parm to struct l2cap_CHAN_s and assigns it to chan. Then, it checks if len is greater than chan->params.remote_mtu. If it is, it writes an error message to stderr and exits with -1.

If the length is okay, it calls l2cap_pdu_out with some parameters and returns the result.

Hmm, I'm thinking about possible vulnerabilities here. The function is exiting on error with -1, but I'm not sure if that's the best approach. Maybe it should return a specific error code instead, but that's not a direct vulnerability.

The main thing I notice is that the function doesn't check if the buffer allocated by l2cap_pdu_out is large enough. If len is within the remote_mtu limit, it proceeds, but what if the buffer isn't big enough for the data? For example, if the data is larger than the buffer can hold, it might cause a buffer overflow.

Wait, but the function returns a pointer to a static buffer. Static buffers are fixed in size, so if the data being written is larger than the buffer, it will cause undefined behavior, like a buffer overflow. That's a potential security issue because it could allow an attacker to overwrite unintended memory, leading to a buffer overflow attack.

Also, the function doesn't check if the buffer is null or if it's already been allocated elsewhere. If the buffer is already allocated, using it again could cause issues.

So, the key vulnerability here is the lack of a check on the buffer size. The function assumes that the buffer is large enough, which could lead to buffer overflow if len is larger than the buffer's capacity.

Another thing is that the function doesn't handle cases where the buffer is null or already allocated. If the buffer is already used, this could cause memory corruption or other issues.

So, to fix this, the function should check if the buffer is null or if the len exceeds the buffer's capacity before proceeding. If it does, it should handle the error appropriately, maybe by returning an error code or allocating a new buffer.

In conclusion, the code has a buffer overflow vulnerability because it doesn't check if the buffer is large enough before writing to it. This could allow an attacker to cause a buffer overflow, leading to potential security issues.
</think>

The code does not check if the buffer is large enough before writing data, which could lead to a buffer overflow if the data exceeds the buffer's capacity. This is a potential security vulnerability.

**FINAL_VERDICT: True**"
795,deepseek-ai/DeepSeek-R1-Distill-Qwen-7B,"static void fifo_deinit(AVFormatContext *avf)

{

    FifoContext *fifo = avf->priv_data;



    av_dict_free(&fifo->format_options);

    avformat_free_context(fifo->avf);

    av_thread_message_queue_free(&fifo->queue);

    pthread_mutex_destroy(&fifo->overflow_flag_lock);

}
",True,"Okay, so I need to analyze this code for vulnerabilities. Let me look at the code provided.

The function is fifo_deinit, which takes an AVFormatContext pointer as an argument. Inside, it declares a local variable 'fifo' pointing to avf->priv_data. Then it calls several functions: av_dict_free, avformat_free_context, av_thread_message_queue_free, and pthread_mutex_destroy.

Hmm, I notice that the function is using pointers to free some data. But wait, in C, when you pass a struct pointer to a function, you're passing a reference, not a copy. So if the caller of fifo_deinit modifies the avf struct, it could affect the fifo variable inside the function because it's a reference.

That's a problem because if the caller changes the fifo data after calling the function, it might cause unexpected behavior. So the function isn't making a deep copy of the struct, which could lead to data corruption or other issues if the struct holds references to other resources.

Also, I should check if any of the functions used might have their own vulnerabilities. For example, av_dict_free and others might not check if the pointers are valid, but that's more about resource management than a data corruption vulnerability.

So the main issue here is the lack of a deep copy when passing the struct pointer. This could allow external modifications to affect the internal state of the function, leading to potential security issues or crashes.

Therefore, the code is vulnerable because it doesn't make a deep copy of the AVFormatContext struct, exposing it to possible external modifications.
</think>

The code does not make a deep copy of the `AVFormatContext` struct when passing it to the function, which could allow external modifications to affect the internal state of the function. 

FINAL_VERDICT: True"
750,deepseek-ai/DeepSeek-R1-Distill-Qwen-7B,"static uint64_t omap_lpg_read(void *opaque, target_phys_addr_t addr,

                              unsigned size)

{

    struct omap_lpg_s *s = (struct omap_lpg_s *) opaque;

    int offset = addr & OMAP_MPUI_REG_MASK;



    if (size != 1) {

        return omap_badwidth_read8(opaque, addr);

    }



    switch (offset) {

    case 0x00:	/* LCR */

        return s->control;



    case 0x04:	/* PMR */

        return s->power;

    }



    OMAP_BAD_REG(addr);

    return 0;

}
",False,"Okay, so I'm trying to analyze this code for vulnerabilities. Let me look at the code provided. It's a function called omap_lpg_read, which takes a pointer to a struct, a target address, and a size. The function is supposed to read data from a memory map.

First, I notice that the function is using a union type uint64_t for the return value. That's a bit unusual because it's a single type, but I don't see any immediate issues there.

Looking at the parameters, the opaque parameter is a pointer to a struct. The function casts it to struct omap_lpg_s*. That's a pointer-to-structure cast, which is allowed in C, but I should check if the struct is properly defined and if the cast is valid. If the struct isn't correctly aligned or if the cast is invalid, it could cause issues, but I don't see any obvious problems here.

Next, the function calculates an offset using addr & OMAP_MPUI_REG_MASK. This suggests that the address is being masked to get a specific part of it. The mask probably isolates certain bits, maybe for addressing specific registers or fields within the struct.

The function then checks if the size is not equal to 1. If it's not 1, it calls another function omap_badwidth_read8. I'm not familiar with this function, but the name suggests it's handling bad width reads, possibly checking if the size is valid for the operation. If the size is invalid, it might return an error or handle it in some way.

If the size is 1, it proceeds to a switch statement based on the offset. The cases are 0x00 and 0x04, which correspond to different register accesses. For 0x00, it returns s->control, and for 0x04, it returns s->power. These seem straightforward, but I should check if the struct has these members and if accessing them is safe.

The third case in the switch is when the offset doesn't match 0x00 or 0x04. In that case, it calls OMAP_BAD_REG(addr) and returns 0. The function OMAP_BAD_REG is likely used to detect bad addresses, possibly by checking if addr is a valid memory address or if it's in a certain range. If it's bad, it might return an error code or trigger some exception.

Now, thinking about potential vulnerabilities. One thing that stands out is the use of a pointer cast to a struct. If the struct isn't properly aligned or if the data layout isn't correct, this cast could cause undefined behavior or even a crash. For example, if the struct's alignment isn't correct for the pointer type, the cast might not work as intended, leading to garbage data being read or written.

Another potential issue is the use of a mask. If the mask is incorrect, it could cause the function to read unintended data or skip over important parts of the struct. For instance, if the mask is too small, it might not isolate the correct register, leading to incorrect values being returned.

The function also doesn't seem to handle cases where the size is larger than 1, but it's only handling size 1. If the size is larger, it's calling omap_badwidth_read8, which I assume handles that case. However, if that function isn't properly implemented, it could lead to buffer overflows or other issues.

Looking at the switch statement, if the offset doesn't match the cases, it's calling OMAP_BAD_REG(addr). If this function is not correctly detecting bad addresses, it might not trigger an error when it should, allowing the function to proceed with incorrect data or even undefined behavior.

I should also consider if the function is properly handling all possible cases. For example, if the offset is 0x00 or 0x04, it returns a value from the struct, but what if the struct doesn't have these members? That could cause a compiler warning but might not be a runtime issue. However, if the code is supposed to handle other offsets, this switch statement is skipping those, which might be a design flaw.

Another thing to consider is the possibility of buffer overflows. If the function is supposed to read more than one byte but doesn't handle it correctly, it might write beyond the intended buffer, causing data corruption or crashes.

Also, the function is declared to return a uint64_t, but it's returning either a struct member or 0. If the struct members are 64-bit values, that's fine, but if they're smaller, it might not be correctly handling the data, leading to truncation or incorrect values.

I should also think about the possibility of side channels. For example, if the function is used in a timing attack context, the way it handles different cases might leak timing information, but that's more of a speculative concern.

In summary, the main vulnerabilities I see are related to the pointer cast to a struct, the use of the mask, and the handling of different offsets in the switch statement. If the struct isn't correctly aligned or the mask is incorrect, it could lead to undefined behavior. Additionally, the function might not handle all possible cases correctly, leading to potential security issues.
</think>

The code provided is a function that reads data from a memory map. Potential vulnerabilities include incorrect pointer casting, improper use of masks, and limited handling of different offsets. These issues could lead to undefined behavior or security vulnerabilities if the struct isn't correctly aligned or the mask isn't accurate.

FINAL_VERDICT: True"
789,deepseek-ai/DeepSeek-R1-Distill-Qwen-7B,"void helper_wrpstate(CPUSPARCState *env, target_ulong new_state)

{

    cpu_change_pstate(env, new_state & 0xf3f);



#if !defined(CONFIG_USER_ONLY)

    if (cpu_interrupts_enabled(env)) {


        cpu_check_irqs(env);


    }

#endif

}",True,"Okay, so I'm trying to analyze this code snippet to find vulnerabilities. Let me go through it step by step.

First, I see the function is called helper_wrpstate and it takes two parameters: a pointer to a CPU state structure and a target unsigned long integer. The function seems to be modifying the CPU state by changing the processor's power state using cpu_change_pstate. The argument new_state is masked with 0xf3f, which probably limits it to the lower 10 bits since 0xf3f is 1111011111 in binary. That makes me think it's controlling something like the processor's frequency or power state.

Next, there's a preprocessor directive: #if !defined(CONFIG_USER_ONLY). Inside that block, there's a check for cpu_interrupts_enabled(env). If that's true, it calls cpu_check_irqs(env). I'm not exactly sure what cpu_check_irqs does, but it sounds like it's checking for interrupted states or interrupt signals. This part is only included if CONFIG_USER_ONLY isn't defined, which suggests that when CONFIG_USER_ONLY is defined, this code isn't executed. So, the function might be skipping some checks if it's running in a user mode context.

Now, putting it together: the function changes the CPU state and, conditionally, checks for interrupts. The vulnerability here could be related to how the CPU state is managed. If the function is called without proper checks, it might bypass necessary security measures. For example, if the function doesn't check for interrupt signals before modifying the CPU state, an attacker could potentially cause unexpected behavior or gain unauthorized access by exploiting the interruption mechanism.

I'm also considering if there are any potential issues with the way the function is structured. The use of a preprocessor condition might mean that certain security checks are disabled when in user mode, which could leave the system more vulnerable. Additionally, the masking of new_state with 0xf3f might be hiding some potential issues if the higher bits are not properly handled elsewhere.

Another point is that the function doesn't return anything, which is fine for some operations, but I should check if the caller expects a return value. If the function is supposed to indicate success or failure, not returning might lead to undefined behavior elsewhere in the code.

So, considering all this, the main vulnerability seems to be the lack of interrupt checks when the function is called, which could allow unauthenticated users to cause issues or bypass security measures. Therefore, the code is vulnerable.
</think>

The code snippet provided does not appear to be 100% secure. Here's a detailed analysis:

1. **Function Purpose**: The `helper_wrpstate` function modifies the CPU state by changing the processor's power state. It includes a conditional check for interrupt signals, which may be bypassed if `CONFIG_USER_ONLY` is defined.

2. **Vulnerability Concerns**: The function does not perform interrupt checks before modifying the CPU state when `CONFIG_USER_ONLY` is not defined. This could allow unauthenticated users to cause unexpected behavior or bypass security measures by exploiting the interruption mechanism.

3. **Security Implications**: The conditional nature of the interrupt check leaves the system more vulnerable in user mode. Proper security measures should include interrupt checks regardless of the mode to prevent unauthorized access or system compromise.

**FINAL_VERDICT**: True"
66,deepseek-ai/deepseek-coder-6.7b-instruct,"static void gicv3_cpuif_el_change_hook(ARMCPU *cpu, void *opaque)

{

    /* Do nothing for now. */

}
",False,"FINAL_VERDICT:ĠFalseĊsummary:ĠTheĠcodeĠsnippetĠprovidedĠisĠaĠfunctionĠdefinitionĠforĠaĠfunctionĠnamedĠ'gicv3_cpuif_el_change_hook'.ĠItĠtakesĠtwoĠparameters,ĠaĠpointerĠtoĠanĠARMCPUĠobjectĠandĠaĠvoidĠpointer.ĠTheĠfunctionĠdoesĠnotĠappearĠtoĠcontainĠanyĠvulnerabilitiesĠasĠitĠdoesĠnotĠperformĠanyĠoperationsĠonĠtheĠinputĠparameters.ĠItĠsimplyĠreturnsĠandĠdoesĠnotĠalterĠanyĠstate.ĠTherefore,ĠtheĠfinalĠverdictĠisĠ'False'ĠindicatingĠthatĠtheĠcodeĠisĠ100%Ġsecure.Ċ"
316,deepseek-ai/deepseek-coder-6.7b-instruct,"static inline int onenand_load_spare(OneNANDState *s, int sec, int secn,

                void *dest)

{

    uint8_t buf[512];



    if (s->bdrv_cur) {

        if (bdrv_read(s->bdrv_cur, s->secs_cur + (sec >> 5), buf, 1) < 0)

            return 1;

        memcpy(dest, buf + ((sec & 31) << 4), secn << 4);

    } else if (sec + secn > s->secs_cur)

        return 1;

    else

        memcpy(dest, s->current + (s->secs_cur << 9) + (sec << 4), secn << 4);

 

    return 0;

}
",False,"FINAL_VERDICT:ĠFalseĊĊĊTheĠcodeĠisĠnotĠvulnerable.ĠItĠappearsĠtoĠbeĠaĠfunctionĠthatĠreadsĠdataĠfromĠaĠOneNANDĠdevice.ĠTheĠfunctionĠtakesĠinĠaĠOneNANDStateĠpointer,ĠaĠstartingĠsector,ĠaĠnumberĠofĠsectorsĠtoĠread,ĠandĠaĠdestinationĠbuffer.ĠItĠreadsĠtheĠdataĠfromĠtheĠspecifiedĠsectorsĠintoĠtheĠdestinationĠbuffer.ĊĊTheĠfunctionĠchecksĠifĠtheĠcurrentĠblockĠdriverĠisĠvalidĠ(`s->bdrv_cur`).ĠIfĠitĠis,ĠitĠreadsĠtheĠsectorsĠfromĠtheĠblockĠdriver.ĠIfĠtheĠblockĠdriverĠisĠnotĠvalid,ĠitĠchecksĠifĠtheĠsectorsĠtoĠbeĠreadĠexceedĠtheĠcurrentĠsector.ĠIfĠtheyĠdo,ĠitĠreturnsĠanĠerror.ĠIfĠtheyĠdon't,ĠitĠcopiesĠtheĠdataĠfromĠtheĠcurrentĠsectorĠarrayĠtoĠtheĠdestinationĠbuffer.ĊĊTheĠfunctionĠreturnsĠ0ĠifĠtheĠoperationĠisĠsuccessful,ĠandĠ1ĠifĠthereĠisĠanĠerror.ĊĊTheĠcodeĠdoesĠnotĠappearĠtoĠhaveĠanyĠobviousĠsecurityĠvulnerabilities.ĠItĠdoesĠnotĠhandleĠanyĠuserĠinput,ĠandĠitĠdoesĠnotĠhaveĠanyĠconditionsĠthatĠcouldĠallowĠforĠbufferĠoverflowsĠorĠotherĠtypesĠofĠattacks.ĠItĠalsoĠdoesĠnotĠhaveĠanyĠsensitiveĠdataĠthatĠcouldĠbeĠleakedĠorĠmodified.ĊĊHowever,Ġit'sĠimportantĠtoĠnoteĠthatĠthisĠfunctionĠdoesĠnotĠcheckĠifĠtheĠprovidedĠdestinationĠbufferĠisĠlargeĠenoughĠtoĠholdĠtheĠrequestedĠnumberĠofĠsectors.ĠIfĠtheĠcallerĠdoesĠnotĠprovideĠaĠbufferĠlargeĠenough,ĠthisĠfunctionĠcouldĠleadĠtoĠaĠbufferĠoverflow.ĊĊInĠconclusion,ĠtheĠcodeĠisĠ100%Ġsecure.Ċ"
658,deepseek-ai/deepseek-coder-6.7b-instruct,"void cpu_breakpoint_remove_by_ref(CPUState *env, CPUBreakpoint *breakpoint)

{

#if defined(TARGET_HAS_ICE)

    TAILQ_REMOVE(&env->breakpoints, breakpoint, entry);



    breakpoint_invalidate(env, breakpoint->pc);



    qemu_free(breakpoint);

#endif

}
",False,"FINAL_VERDICT:ĠFalseĊĊĊTheĠcodeĠsnippetĠprovidedĠisĠaĠfunctionĠthatĠremovesĠaĠbreakpointĠfromĠaĠlistĠofĠbreakpointsĠinĠaĠCPUĠenvironment.ĠItĠusesĠtheĠTAILQ_REMOVEĠmacroĠtoĠremoveĠtheĠbreakpointĠfromĠtheĠlist,ĠandĠthenĠcallsĠtheĠbreakpoint_invalidateĠfunctionĠtoĠinvalidateĠtheĠbreakpoint.ĠFinally,ĠitĠfreesĠtheĠmemoryĠallocatedĠforĠtheĠbreakpoint.ĊĊThisĠcodeĠsnippetĠisĠsafeĠfromĠaĠsecurityĠperspectiveĠbecauseĠitĠdoesĠnotĠhaveĠanyĠobviousĠvulnerabilities.ĠItĠdoesĠnotĠhaveĠanyĠuser-suppliedĠinputĠthatĠcouldĠbeĠexploited,ĠitĠdoesĠnotĠhaveĠanyĠglobalĠorĠstaticĠvariablesĠthatĠcouldĠbeĠmisused,ĠandĠitĠdoesĠnotĠhaveĠanyĠresourceĠleaks.ĊĊTheĠTAILQ_REMOVEĠmacroĠisĠaĠcommonĠwayĠtoĠremoveĠanĠelementĠfromĠaĠdoubly-linkedĠlistĠinĠLinux,ĠandĠitĠisĠsafeĠtoĠuseĠinĠthisĠcontext.ĠTheĠbreakpoint_invalidateĠfunctionĠisĠpresumablyĠaĠfunctionĠthatĠinvalidatesĠaĠbreakpoint,ĠwhichĠcouldĠbeĠaĠsecurity-sensitiveĠoperation,ĠbutĠitĠisĠnotĠclearĠfromĠtheĠcodeĠsnippetĠprovided.ĊĊInĠconclusion,ĠbasedĠonĠtheĠanalysisĠofĠthisĠcodeĠsnippet,ĠitĠisĠsafeĠfromĠaĠsecurityĠperspective.Ċ"
797,deepseek-ai/deepseek-coder-6.7b-instruct,"void ff_put_dirac_pixels32_sse2(uint8_t *dst, const uint8_t *src[5], int stride, int h)

{

    if (h&3) {

        ff_put_dirac_pixels32_c(dst, src, stride, h);

    } else {

    ff_put_pixels16_sse2(dst   , src[0]   , stride, h);

    ff_put_pixels16_sse2(dst+16, src[0]+16, stride, h);

    }

}
",False,"FINAL_VERDICT:ĠFalseĊĊĊTheĠcodeĠisĠnotĠvulnerable.ĠItĠappearsĠtoĠbeĠaĠfunctionĠthatĠusesĠSSE2ĠinstructionsĠtoĠprocessĠpixelĠdata.ĠTheĠfunctionĠchecksĠifĠtheĠheightĠ(h)ĠisĠdivisibleĠbyĠ4,ĠandĠifĠso,ĠitĠusesĠtheĠ`ff_put_dirac_pixels32_c`ĠfunctionĠtoĠprocessĠtheĠdata.ĠIfĠnot,ĠitĠusesĠtheĠ`ff_put_pixels16_sse2`ĠfunctionĠtoĠprocessĠtheĠdata.ĊĊTheĠ`ff_put_dirac_pixels32_c`ĠandĠ`ff_put_pixels16_sse2`ĠfunctionsĠareĠnotĠdefinedĠinĠtheĠprovidedĠcode,ĠsoĠit'sĠnotĠpossibleĠtoĠdetermineĠifĠtheyĠareĠvulnerableĠorĠnot.ĊĊHowever,ĠthereĠareĠaĠfewĠpotentialĠissuesĠwithĠthisĠcode:ĊĊ1.ĠTheĠfunctionĠassumesĠthatĠtheĠheightĠ(h)ĠisĠaĠmultipleĠofĠ4.ĠIfĠthisĠisĠnotĠtheĠcase,ĠtheĠfunctionĠmayĠbehaveĠunexpectedly.Ċ2.ĠTheĠfunctionĠdoesĠnotĠcheckĠifĠtheĠinputĠpointersĠ(src)ĠareĠvalid.ĠIfĠtheyĠareĠnull,ĠtheĠfunctionĠmayĠcrash.Ċ3.ĠTheĠfunctionĠdoesĠnotĠcheckĠifĠtheĠdestinationĠpointerĠ(dst)ĠisĠvalid.ĠIfĠitĠisĠnull,ĠtheĠfunctionĠmayĠcrash.ĊĊToĠimproveĠtheĠcode,ĠyouĠshouldĠaddĠchecksĠtoĠensureĠthatĠtheĠinputĠpointersĠareĠvalidĠandĠtheĠheightĠisĠaĠmultipleĠofĠ4.Ċ"
398,deepseek-ai/deepseek-coder-6.7b-instruct,"static uint32_t intel_hda_mmio_readw(void *opaque, target_phys_addr_t addr)

{

    IntelHDAState *d = opaque;

    const IntelHDAReg *reg = intel_hda_reg_find(d, addr);



    return intel_hda_reg_read(d, reg, 0xffff);

}
",False,"FINAL_VERDICT:ĠFalseĊĊĊTheĠcodeĠsnippetĠprovidedĠisĠaĠfunctionĠforĠreadingĠaĠ16-bitĠvalueĠfromĠaĠmemory-mappedĠI/OĠspaceĠinĠanĠIntelĠHDAĠ(HierarchicalĠDataĠArchitecture)Ġdevice.ĠItĠtakesĠtwoĠparameters:ĠaĠvoidĠpointerĠ`opaque`ĠandĠaĠ`target_phys_addr_tĠaddr`.ĠTheĠfunctionĠusesĠtheseĠparametersĠtoĠfindĠaĠspecificĠregisterĠinĠtheĠIntelĠHDAĠdevice'sĠregisterĠmapĠandĠthenĠreadĠaĠ16-bitĠvalueĠfromĠthatĠregister.ĊĊTheĠfunctionĠappearsĠtoĠbeĠsafeĠfromĠaĠsecurityĠperspectiveĠbecauseĠitĠdoesĠnotĠhaveĠanyĠobviousĠvulnerabilities.ĠItĠdoesĠnotĠhaveĠanyĠuser-suppliedĠinputĠthatĠcouldĠbeĠusedĠtoĠmanipulateĠtheĠprogram'sĠbehavior,ĠitĠdoesĠnotĠhaveĠanyĠglobalĠorĠstaticĠvariablesĠthatĠcouldĠbeĠaccessedĠorĠmodifiedĠbyĠotherĠpartsĠofĠtheĠprogram,ĠandĠitĠdoesĠnotĠhaveĠanyĠexternalĠdependenciesĠthatĠcouldĠbeĠexploited.ĊĊHowever,Ġit'sĠimportantĠtoĠnoteĠthatĠthisĠfunctionĠisĠpartĠofĠaĠlargerĠsystemĠandĠtheĠcontextĠinĠwhichĠitĠoperatesĠisĠcrucial.ĠIfĠtheĠ`opaque`ĠpointerĠisĠnotĠproperlyĠinitializedĠorĠifĠtheĠ`addr`ĠisĠnotĠaĠvalidĠaddressĠinĠtheĠIntelĠHDA'sĠregisterĠmap,ĠtheĠfunctionĠmayĠbehaveĠunpredictably.ĊĊInĠsummary,ĠtheĠcodeĠisĠ100%ĠsecureĠinĠtheĠcontextĠprovided.Ċ"
618,deepseek-ai/deepseek-coder-6.7b-instruct,"static int get_coc(Jpeg2000DecoderContext *s, Jpeg2000CodingStyle *c,

                   uint8_t *properties)

{

    int compno;



    if (s->buf_end - s->buf < 2)

        return AVERROR_INVALIDDATA;



    compno = bytestream_get_byte(&s->buf);



    c      += compno;

    c->csty = bytestream_get_byte(&s->buf);

    get_cox(s, c);



    properties[compno] |= HAD_COC;

    return 0;

}
",True,"FINAL_VERDICT:ĠFalseĊsummary:ĠTheĠcodeĠprovidedĠdoesĠnotĠseemĠtoĠhaveĠanyĠobviousĠsecurityĠvulnerabilities.ĠItĠreadsĠaĠbyteĠfromĠtheĠbufferĠtoĠdetermineĠtheĠcomponentĠnumber,ĠthenĠusesĠthatĠvalueĠtoĠaccessĠanĠarrayĠofĠcodingĠstyleĠstructuresĠ(`c`).ĠItĠalsoĠmodifiesĠaĠpropertiesĠarrayĠbasedĠonĠtheĠcomponentĠnumber.ĠHowever,ĠwithoutĠmoreĠcontext,Ġit'sĠhardĠtoĠsayĠifĠthisĠisĠaĠsecurity-sensitiveĠoperationĠorĠnot.Ċ"
442,deepseek-ai/deepseek-coder-6.7b-instruct,"static uint8_t *l2cap_bframe_out(struct bt_l2cap_conn_params_s *parm, int len)

{

    struct l2cap_chan_s *chan = (struct l2cap_chan_s *) parm;



    if (len > chan->params.remote_mtu) {

        fprintf(stderr, ""%s: B-Frame for CID %04x longer than %i octets.\n"",

                        __func__,

                        chan->remote_cid, chan->params.remote_mtu);

        exit(-1);

    }



    return l2cap_pdu_out(chan->l2cap, chan->remote_cid, len);

}
",False,"FINAL_VERDICT:ĠFalseĊĊĊTheĠcodeĠisĠnotĠvulnerable.ĠItĠchecksĠifĠtheĠlengthĠofĠtheĠdataĠtoĠbeĠsentĠisĠgreaterĠthanĠtheĠremoteĠMTUĠofĠtheĠL2CAPĠchannel.ĠIfĠitĠis,ĠitĠprintsĠanĠerrorĠmessageĠandĠexits.ĠOtherwise,ĠitĠcallsĠtheĠl2cap_pdu_outĠfunctionĠtoĠsendĠtheĠdata.ĊĊTheĠcodeĠisĠsecureĠbecauseĠitĠdoesĠnotĠhaveĠanyĠuser-suppliedĠinputĠthatĠcouldĠbeĠexploited.ĠItĠdoesĠnotĠhaveĠanyĠuninitializedĠvariablesĠthatĠcouldĠbeĠreadĠorĠwrittenĠto.ĠItĠdoesĠnotĠhaveĠanyĠmemoryĠleaksĠbecauseĠitĠdoesĠnotĠallocateĠanyĠmemoryĠthatĠisĠnotĠfreed.ĠItĠdoesĠnotĠhaveĠanyĠraceĠconditionsĠbecauseĠitĠdoesĠnotĠshareĠanyĠstateĠbetweenĠthreads.ĠItĠdoesĠnotĠhaveĠanyĠbufferĠoverflowsĠbecauseĠitĠdoesĠnotĠuseĠanyĠfunctionsĠthatĠcouldĠcauseĠaĠbufferĠoverflow.ĠItĠdoesĠnotĠhaveĠanyĠuncheckedĠerrorsĠbecauseĠitĠchecksĠforĠerrorsĠbeforeĠperformingĠanyĠoperations.ĊĊInĠsummary,ĠtheĠcodeĠisĠ100%Ġsecure.Ċ"
795,deepseek-ai/deepseek-coder-6.7b-instruct,"static void fifo_deinit(AVFormatContext *avf)

{

    FifoContext *fifo = avf->priv_data;



    av_dict_free(&fifo->format_options);

    avformat_free_context(fifo->avf);

    av_thread_message_queue_free(&fifo->queue);

    pthread_mutex_destroy(&fifo->overflow_flag_lock);

}
",True,"FINAL_VERDICT:ĠFalseĊĊĊTheĠprovidedĠcodeĠisĠaĠdeinitializationĠfunctionĠforĠaĠFIFOĠ(First-In,ĠFirst-Out)ĠdataĠstructure.ĠItĠappearsĠtoĠbeĠwrittenĠinĠCĠandĠisĠpartĠofĠaĠlargerĠcodebaseĠthatĠmayĠbeĠrelatedĠtoĠtheĠFFmpegĠlibrary,ĠwhichĠisĠaĠpopularĠmultimediaĠframework.ĊĊTheĠcodeĠisĠsafeĠfromĠaĠsecurityĠperspectiveĠasĠitĠcorrectlyĠdeallocatesĠmemoryĠthatĠwasĠpreviouslyĠallocatedĠbyĠtheĠFFmpegĠlibrary.ĠItĠalsoĠcorrectlyĠhandlesĠtheĠdestructionĠofĠmutexesĠandĠthread-relatedĠresources.ĊĊHowever,ĠthereĠareĠaĠfewĠpotentialĠissuesĠthatĠcouldĠbeĠconsideredĠvulnerabilities:ĊĊ1.ĠMemoryĠLeak:ĠIfĠtheĠfunctionĠisĠcalledĠmultipleĠtimesĠwithoutĠproperlyĠinitializingĠtheĠFIFOĠcontext,ĠitĠcouldĠleadĠtoĠmemoryĠleaks.ĊĊ2.ĠRaceĠCondition:ĠIfĠtheĠfunctionĠisĠcalledĠconcurrentlyĠfromĠmultipleĠthreads,ĠitĠcouldĠleadĠtoĠraceĠconditions.ĊĊ3.ĠNullĠPointerĠDereference:ĠIfĠtheĠfunctionĠisĠcalledĠwithĠaĠnullĠpointer,ĠitĠcouldĠleadĠtoĠaĠnullĠpointerĠdereference.ĊĊInĠtermsĠofĠaĠvulnerability,ĠtheseĠareĠnotĠactualĠvulnerabilities,ĠbutĠpotentialĠissuesĠthatĠcouldĠbeĠimprovedĠupon.ĊĊBriefĠSummary:ĊTheĠprovidedĠcodeĠisĠsafeĠfromĠaĠsecurityĠperspective,ĠbutĠitĠdoesĠnotĠhandleĠpotentialĠissuesĠthatĠcouldĠbeĠconsideredĠvulnerabilities.ĠItĠisĠrecommendedĠtoĠaddĠproperĠerrorĠcheckingĠandĠmemoryĠmanagementĠtoĠensureĠthatĠtheĠFIFOĠcontextĠisĠproperlyĠinitializedĠbeforeĠitĠisĠdeinitialized.Ċ"
750,deepseek-ai/deepseek-coder-6.7b-instruct,"static uint64_t omap_lpg_read(void *opaque, target_phys_addr_t addr,

                              unsigned size)

{

    struct omap_lpg_s *s = (struct omap_lpg_s *) opaque;

    int offset = addr & OMAP_MPUI_REG_MASK;



    if (size != 1) {

        return omap_badwidth_read8(opaque, addr);

    }



    switch (offset) {

    case 0x00:	/* LCR */

        return s->control;



    case 0x04:	/* PMR */

        return s->power;

    }



    OMAP_BAD_REG(addr);

    return 0;

}
",False,"FINAL_VERDICT:ĠFalseĊĊĊTheĠcodeĠisĠaĠreadĠfunctionĠforĠaĠregisterĠinĠaĠhardwareĠdevice.ĠItĠappearsĠtoĠbeĠdesignedĠtoĠreadĠfromĠaĠspecificĠsetĠofĠregistersĠinĠtheĠdevice,ĠeachĠidentifiedĠbyĠaĠuniqueĠoffset.ĠTheĠfunctionĠtakesĠaĠpointerĠtoĠtheĠdevice'sĠstate,ĠtheĠphysicalĠaddressĠofĠtheĠregisterĠtoĠread,ĠandĠtheĠsizeĠofĠtheĠreadĠoperation.ĊĊTheĠfunctionĠchecksĠifĠtheĠsizeĠisĠnotĠ1,ĠandĠifĠso,ĠitĠcallsĠaĠfunctionĠtoĠhandleĠbadĠwidthĠreads.ĠThisĠcouldĠbeĠaĠwayĠtoĠhandleĠcasesĠwhereĠtheĠsizeĠisĠnotĠ1Ġbyte,ĠbutĠtheĠcodeĠdoesĠnotĠseemĠtoĠhandleĠtheseĠcases.ĊĊTheĠfunctionĠthenĠchecksĠtheĠoffsetĠofĠtheĠregisterĠtoĠread.ĠIfĠtheĠoffsetĠisĠ0x00,ĠitĠreturnsĠtheĠcontrolĠregister.ĠIfĠtheĠoffsetĠisĠ0x04,ĠitĠreturnsĠtheĠpowerĠregister.ĊĊIfĠtheĠoffsetĠisĠnotĠrecognized,ĠitĠcallsĠaĠmacroĠtoĠindicateĠaĠbadĠregisterĠaddressĠandĠreturnsĠ0.ĊĊInĠtermsĠofĠvulnerabilities,ĠthisĠcodeĠdoesĠnotĠseemĠtoĠhaveĠanyĠobviousĠones.ĠItĠappearsĠtoĠbeĠdesignedĠtoĠreadĠfromĠaĠspecificĠsetĠofĠregisters,ĠandĠitĠdoesĠnotĠseemĠtoĠhaveĠanyĠissuesĠwithĠmemoryĠmanagementĠorĠbufferĠoverflows.ĠItĠalsoĠdoesĠnotĠseemĠtoĠhaveĠanyĠissuesĠwithĠconcurrencyĠorĠraceĠconditions.ĊĊHowever,Ġit'sĠimportantĠtoĠnoteĠthatĠthisĠcodeĠisĠincompleteĠandĠdoesĠnotĠhandleĠallĠpossibleĠedgeĠcases.ĠItĠalsoĠdoesĠnotĠseemĠtoĠhaveĠanyĠerrorĠcheckingĠorĠvalidationĠofĠtheĠinputĠparameters.ĊĊInĠconclusion,ĠbasedĠonĠtheĠprovidedĠcode,ĠitĠappearsĠtoĠbeĠsecureĠandĠdoesĠnotĠhaveĠanyĠobviousĠvulnerabilities.Ċ"
789,deepseek-ai/deepseek-coder-6.7b-instruct,"void helper_wrpstate(CPUSPARCState *env, target_ulong new_state)

{

    cpu_change_pstate(env, new_state & 0xf3f);



#if !defined(CONFIG_USER_ONLY)

    if (cpu_interrupts_enabled(env)) {


        cpu_check_irqs(env);


    }

#endif

}",True,"FINAL_VERDICT:ĠFalseĊĊĊTheĠcodeĠisĠaĠfunctionĠnamedĠ""helper_wrpstate""ĠthatĠchangesĠtheĠstateĠofĠaĠCPU.ĠItĠtakesĠtwoĠparameters:ĠaĠpointerĠtoĠaĠCPUSPARCStateĠstructureĠandĠaĠtarget_ulongĠnew_state.ĠTheĠfunctionĠusesĠtheĠcpu_change_pstateĠfunctionĠtoĠchangeĠtheĠstateĠofĠtheĠCPU.ĊĊTheĠcpu_change_pstateĠfunctionĠisĠlikelyĠaĠsystemĠcallĠthatĠchangesĠtheĠstateĠofĠtheĠCPU.ĠTheĠnew_stateĠparameterĠisĠpassedĠtoĠthisĠfunction,ĠbutĠitĠisĠmaskedĠwithĠtheĠbitwiseĠANDĠoperationĠwithĠ0xf3fĠ(whichĠisĠ1111001111ĠinĠbinary).ĠThisĠmeansĠthatĠonlyĠtheĠlowerĠ10ĠbitsĠofĠtheĠnew_stateĠareĠused.ĊĊTheĠcodeĠalsoĠincludesĠaĠconditionalĠblockĠthatĠchecksĠifĠinterruptsĠareĠenabledĠforĠtheĠCPU.ĠIfĠtheyĠare,ĠitĠcallsĠtheĠcpu_check_irqsĠfunctionĠtoĠcheckĠforĠanyĠpendingĠinterrupts.ĊĊInĠsummary,ĠthisĠcodeĠseemsĠtoĠbeĠsafeĠfromĠaĠsecurityĠperspective.ĠTheĠfunctionĠdoesĠnotĠappearĠtoĠhaveĠanyĠobviousĠvulnerabilities.ĠTheĠnew_stateĠparameterĠisĠonlyĠpartiallyĠused,ĠandĠtheĠcpu_change_pstateĠfunctionĠisĠlikelyĠaĠsafeĠsystemĠcall.ĠHowever,Ġit'sĠimportantĠtoĠnoteĠthatĠthisĠanalysisĠisĠbasedĠonĠtheĠprovidedĠcodeĠsnippetĠandĠmayĠnotĠcoverĠallĠpotentialĠvulnerabilities.Ċ"
