modello,layer,norma_L2
Qwen/Qwen2.5-7B-Instruct,0,0.2061767578125
Qwen/Qwen2.5-7B-Instruct,1,0.2685546875
Qwen/Qwen2.5-7B-Instruct,2,0.35302734375
Qwen/Qwen2.5-7B-Instruct,3,0.412841796875
Qwen/Qwen2.5-7B-Instruct,4,0.4541015625
Qwen/Qwen2.5-7B-Instruct,5,0.513671875
Qwen/Qwen2.5-7B-Instruct,6,0.54638671875
Qwen/Qwen2.5-7B-Instruct,7,0.5732421875
Qwen/Qwen2.5-7B-Instruct,8,0.662109375
Qwen/Qwen2.5-7B-Instruct,9,0.708984375
Qwen/Qwen2.5-7B-Instruct,10,0.72265625
Qwen/Qwen2.5-7B-Instruct,11,0.8369140625
Qwen/Qwen2.5-7B-Instruct,12,0.8173828125
Qwen/Qwen2.5-7B-Instruct,13,1.03125
Qwen/Qwen2.5-7B-Instruct,14,1.107421875
Qwen/Qwen2.5-7B-Instruct,15,1.09375
Qwen/Qwen2.5-7B-Instruct,16,1.154296875
Qwen/Qwen2.5-7B-Instruct,17,1.357421875
Qwen/Qwen2.5-7B-Instruct,18,2.763671875
Qwen/Qwen2.5-7B-Instruct,19,4.47265625
Qwen/Qwen2.5-7B-Instruct,20,5.5234375
Qwen/Qwen2.5-7B-Instruct,21,5.60546875
Qwen/Qwen2.5-7B-Instruct,22,6.58203125
Qwen/Qwen2.5-7B-Instruct,23,7.109375
Qwen/Qwen2.5-7B-Instruct,24,7.9296875
Qwen/Qwen2.5-7B-Instruct,25,9.6875
Qwen/Qwen2.5-7B-Instruct,26,11.265625
Qwen/Qwen2.5-7B-Instruct,27,9.125
Qwen/Qwen2.5-Coder-7B-Instruct,0,0.291748046875
Qwen/Qwen2.5-Coder-7B-Instruct,1,0.3505859375
Qwen/Qwen2.5-Coder-7B-Instruct,2,0.44287109375
Qwen/Qwen2.5-Coder-7B-Instruct,3,0.5146484375
Qwen/Qwen2.5-Coder-7B-Instruct,4,0.5703125
Qwen/Qwen2.5-Coder-7B-Instruct,5,0.7060546875
Qwen/Qwen2.5-Coder-7B-Instruct,6,0.71240234375
Qwen/Qwen2.5-Coder-7B-Instruct,7,0.81298828125
Qwen/Qwen2.5-Coder-7B-Instruct,8,0.99560546875
Qwen/Qwen2.5-Coder-7B-Instruct,9,1.08203125
Qwen/Qwen2.5-Coder-7B-Instruct,10,1.130859375
Qwen/Qwen2.5-Coder-7B-Instruct,11,1.181640625
Qwen/Qwen2.5-Coder-7B-Instruct,12,1.1455078125
Qwen/Qwen2.5-Coder-7B-Instruct,13,1.2236328125
Qwen/Qwen2.5-Coder-7B-Instruct,14,1.384765625
Qwen/Qwen2.5-Coder-7B-Instruct,15,1.431640625
Qwen/Qwen2.5-Coder-7B-Instruct,16,1.556640625
Qwen/Qwen2.5-Coder-7B-Instruct,17,2.04296875
Qwen/Qwen2.5-Coder-7B-Instruct,18,4.421875
Qwen/Qwen2.5-Coder-7B-Instruct,19,6.19140625
Qwen/Qwen2.5-Coder-7B-Instruct,20,9.4609375
Qwen/Qwen2.5-Coder-7B-Instruct,21,10.1484375
Qwen/Qwen2.5-Coder-7B-Instruct,22,11.0546875
Qwen/Qwen2.5-Coder-7B-Instruct,23,12.234375
Qwen/Qwen2.5-Coder-7B-Instruct,24,14.0546875
Qwen/Qwen2.5-Coder-7B-Instruct,25,16.625
Qwen/Qwen2.5-Coder-7B-Instruct,26,19.5
Qwen/Qwen2.5-Coder-7B-Instruct,27,5.7265625
meta-llama/Llama-3.1-8B-Instruct,0,0.037506103515625
meta-llama/Llama-3.1-8B-Instruct,1,0.057220458984375
meta-llama/Llama-3.1-8B-Instruct,2,0.091796875
meta-llama/Llama-3.1-8B-Instruct,3,0.1463623046875
meta-llama/Llama-3.1-8B-Instruct,4,0.194091796875
meta-llama/Llama-3.1-8B-Instruct,5,0.241455078125
meta-llama/Llama-3.1-8B-Instruct,6,0.27197265625
meta-llama/Llama-3.1-8B-Instruct,7,0.341796875
meta-llama/Llama-3.1-8B-Instruct,8,0.355712890625
meta-llama/Llama-3.1-8B-Instruct,9,0.395263671875
meta-llama/Llama-3.1-8B-Instruct,10,0.396240234375
meta-llama/Llama-3.1-8B-Instruct,11,0.379150390625
meta-llama/Llama-3.1-8B-Instruct,12,0.423095703125
meta-llama/Llama-3.1-8B-Instruct,13,0.485595703125
meta-llama/Llama-3.1-8B-Instruct,14,0.61767578125
meta-llama/Llama-3.1-8B-Instruct,15,0.7880859375
meta-llama/Llama-3.1-8B-Instruct,16,0.93505859375
meta-llama/Llama-3.1-8B-Instruct,17,1.201171875
meta-llama/Llama-3.1-8B-Instruct,18,1.4013671875
meta-llama/Llama-3.1-8B-Instruct,19,1.529296875
meta-llama/Llama-3.1-8B-Instruct,20,1.6708984375
meta-llama/Llama-3.1-8B-Instruct,21,1.861328125
meta-llama/Llama-3.1-8B-Instruct,22,2.013671875
meta-llama/Llama-3.1-8B-Instruct,23,2.2734375
meta-llama/Llama-3.1-8B-Instruct,24,2.421875
meta-llama/Llama-3.1-8B-Instruct,25,2.669921875
meta-llama/Llama-3.1-8B-Instruct,26,2.908203125
meta-llama/Llama-3.1-8B-Instruct,27,3.201171875
meta-llama/Llama-3.1-8B-Instruct,28,3.580078125
meta-llama/Llama-3.1-8B-Instruct,29,3.927734375
meta-llama/Llama-3.1-8B-Instruct,30,4.54296875
meta-llama/Llama-3.1-8B-Instruct,31,14.2890625
codellama/CodeLlama-7b-Instruct-hf,0,0.0692138671875
codellama/CodeLlama-7b-Instruct-hf,1,0.099365234375
codellama/CodeLlama-7b-Instruct-hf,2,0.14111328125
codellama/CodeLlama-7b-Instruct-hf,3,0.22119140625
codellama/CodeLlama-7b-Instruct-hf,4,0.37158203125
codellama/CodeLlama-7b-Instruct-hf,5,0.51123046875
codellama/CodeLlama-7b-Instruct-hf,6,0.580078125
codellama/CodeLlama-7b-Instruct-hf,7,0.7294921875
codellama/CodeLlama-7b-Instruct-hf,8,0.87255859375
codellama/CodeLlama-7b-Instruct-hf,9,1.0
codellama/CodeLlama-7b-Instruct-hf,10,1.0849609375
codellama/CodeLlama-7b-Instruct-hf,11,1.306640625
codellama/CodeLlama-7b-Instruct-hf,12,1.4560546875
codellama/CodeLlama-7b-Instruct-hf,13,1.619140625
codellama/CodeLlama-7b-Instruct-hf,14,1.9091796875
codellama/CodeLlama-7b-Instruct-hf,15,2.1953125
codellama/CodeLlama-7b-Instruct-hf,16,2.34765625
codellama/CodeLlama-7b-Instruct-hf,17,2.42578125
codellama/CodeLlama-7b-Instruct-hf,18,2.626953125
codellama/CodeLlama-7b-Instruct-hf,19,2.927734375
codellama/CodeLlama-7b-Instruct-hf,20,3.21875
codellama/CodeLlama-7b-Instruct-hf,21,3.482421875
codellama/CodeLlama-7b-Instruct-hf,22,3.884765625
codellama/CodeLlama-7b-Instruct-hf,23,4.28125
codellama/CodeLlama-7b-Instruct-hf,24,4.6640625
codellama/CodeLlama-7b-Instruct-hf,25,5.0546875
codellama/CodeLlama-7b-Instruct-hf,26,5.55859375
codellama/CodeLlama-7b-Instruct-hf,27,6.05859375
codellama/CodeLlama-7b-Instruct-hf,28,6.6484375
codellama/CodeLlama-7b-Instruct-hf,29,7.42578125
codellama/CodeLlama-7b-Instruct-hf,30,8.4921875
codellama/CodeLlama-7b-Instruct-hf,31,3.1328125
deepseek-ai/DeepSeek-R1-Distill-Qwen-7B,0,0.409423828125
deepseek-ai/DeepSeek-R1-Distill-Qwen-7B,1,0.4833984375
deepseek-ai/DeepSeek-R1-Distill-Qwen-7B,2,0.7607421875
deepseek-ai/DeepSeek-R1-Distill-Qwen-7B,3,0.947265625
deepseek-ai/DeepSeek-R1-Distill-Qwen-7B,4,1.1484375
deepseek-ai/DeepSeek-R1-Distill-Qwen-7B,5,1.46875
deepseek-ai/DeepSeek-R1-Distill-Qwen-7B,6,1.5439453125
deepseek-ai/DeepSeek-R1-Distill-Qwen-7B,7,1.9658203125
deepseek-ai/DeepSeek-R1-Distill-Qwen-7B,8,2.42578125
deepseek-ai/DeepSeek-R1-Distill-Qwen-7B,9,2.43359375
deepseek-ai/DeepSeek-R1-Distill-Qwen-7B,10,2.3984375
deepseek-ai/DeepSeek-R1-Distill-Qwen-7B,11,2.611328125
deepseek-ai/DeepSeek-R1-Distill-Qwen-7B,12,2.751953125
deepseek-ai/DeepSeek-R1-Distill-Qwen-7B,13,2.9140625
deepseek-ai/DeepSeek-R1-Distill-Qwen-7B,14,3.23046875
deepseek-ai/DeepSeek-R1-Distill-Qwen-7B,15,3.626953125
deepseek-ai/DeepSeek-R1-Distill-Qwen-7B,16,3.974609375
deepseek-ai/DeepSeek-R1-Distill-Qwen-7B,17,4.55859375
deepseek-ai/DeepSeek-R1-Distill-Qwen-7B,18,5.70703125
deepseek-ai/DeepSeek-R1-Distill-Qwen-7B,19,6.6796875
deepseek-ai/DeepSeek-R1-Distill-Qwen-7B,20,7.75390625
deepseek-ai/DeepSeek-R1-Distill-Qwen-7B,21,9.1015625
deepseek-ai/DeepSeek-R1-Distill-Qwen-7B,22,10.8828125
deepseek-ai/DeepSeek-R1-Distill-Qwen-7B,23,14.0234375
deepseek-ai/DeepSeek-R1-Distill-Qwen-7B,24,15.8515625
deepseek-ai/DeepSeek-R1-Distill-Qwen-7B,25,17.90625
deepseek-ai/DeepSeek-R1-Distill-Qwen-7B,26,20.703125
deepseek-ai/DeepSeek-R1-Distill-Qwen-7B,27,2.375
deepseek-ai/deepseek-coder-6.7b-instruct,0,0.268798828125
deepseek-ai/deepseek-coder-6.7b-instruct,1,0.4853515625
deepseek-ai/deepseek-coder-6.7b-instruct,2,0.73583984375
deepseek-ai/deepseek-coder-6.7b-instruct,3,1.0703125
deepseek-ai/deepseek-coder-6.7b-instruct,4,1.345703125
deepseek-ai/deepseek-coder-6.7b-instruct,5,1.72265625
deepseek-ai/deepseek-coder-6.7b-instruct,6,2.544921875
deepseek-ai/deepseek-coder-6.7b-instruct,7,3.20703125
deepseek-ai/deepseek-coder-6.7b-instruct,8,3.826171875
deepseek-ai/deepseek-coder-6.7b-instruct,9,4.37890625
deepseek-ai/deepseek-coder-6.7b-instruct,10,5.42578125
deepseek-ai/deepseek-coder-6.7b-instruct,11,7.21875
deepseek-ai/deepseek-coder-6.7b-instruct,12,9.0625
deepseek-ai/deepseek-coder-6.7b-instruct,13,12.7578125
deepseek-ai/deepseek-coder-6.7b-instruct,14,14.015625
deepseek-ai/deepseek-coder-6.7b-instruct,15,16.6875
deepseek-ai/deepseek-coder-6.7b-instruct,16,20.5625
deepseek-ai/deepseek-coder-6.7b-instruct,17,22.765625
deepseek-ai/deepseek-coder-6.7b-instruct,18,24.21875
deepseek-ai/deepseek-coder-6.7b-instruct,19,26.09375
deepseek-ai/deepseek-coder-6.7b-instruct,20,29.140625
deepseek-ai/deepseek-coder-6.7b-instruct,21,30.921875
deepseek-ai/deepseek-coder-6.7b-instruct,22,32.6875
deepseek-ai/deepseek-coder-6.7b-instruct,23,35.9375
deepseek-ai/deepseek-coder-6.7b-instruct,24,37.09375
deepseek-ai/deepseek-coder-6.7b-instruct,25,40.40625
deepseek-ai/deepseek-coder-6.7b-instruct,26,43.78125
deepseek-ai/deepseek-coder-6.7b-instruct,27,47.03125
deepseek-ai/deepseek-coder-6.7b-instruct,28,50.84375
deepseek-ai/deepseek-coder-6.7b-instruct,29,55.75
deepseek-ai/deepseek-coder-6.7b-instruct,30,61.65625
deepseek-ai/deepseek-coder-6.7b-instruct,31,1.8681640625
