MODELLO,LAYER,Cosine_AA_vs_AP,Cosine_AA_vs_PI,Cosine_AP_vs_PI
Qwen/Qwen2.5-7B-Instruct,0,0.2057693302631378,-0.0925421863794326,0.3871343731880188
Qwen/Qwen2.5-7B-Instruct,1,0.2399302870035171,-0.0221355855464935,0.3172532618045807
Qwen/Qwen2.5-7B-Instruct,2,0.2466902881860733,0.0874463617801666,0.33008873462677
Qwen/Qwen2.5-7B-Instruct,3,0.3432153463363647,0.2884747684001922,0.4770299792289734
Qwen/Qwen2.5-7B-Instruct,4,0.3412908911705017,0.3511571884155273,0.5149903297424316
Qwen/Qwen2.5-7B-Instruct,5,0.3776441216468811,0.3035153448581695,0.3979946076869964
Qwen/Qwen2.5-7B-Instruct,6,0.4394485652446747,0.3844258785247803,0.370258092880249
Qwen/Qwen2.5-7B-Instruct,7,0.4833960831165313,0.4085400104522705,0.362449049949646
Qwen/Qwen2.5-7B-Instruct,8,0.5407612323760986,0.4452854096889496,0.3724622130393982
Qwen/Qwen2.5-7B-Instruct,9,0.5253013968467712,0.4671507179737091,0.2892244756221771
Qwen/Qwen2.5-7B-Instruct,10,0.5080491900444031,0.4773738384246826,0.2181273847818374
Qwen/Qwen2.5-7B-Instruct,11,0.4627004265785217,0.39372119307518,0.2258856296539306
Qwen/Qwen2.5-7B-Instruct,12,0.5061011910438538,0.3595663011074066,0.2232092916965484
Qwen/Qwen2.5-7B-Instruct,13,0.4917124509811401,0.3131421208381653,0.1559996902942657
Qwen/Qwen2.5-7B-Instruct,14,0.5001571178436279,0.2922161221504211,0.1992959678173065
Qwen/Qwen2.5-7B-Instruct,15,0.4536157846450805,0.2458304464817047,0.1883600354194641
Qwen/Qwen2.5-7B-Instruct,16,0.4581471383571625,0.2209701836109161,0.2061006277799606
Qwen/Qwen2.5-7B-Instruct,17,0.4521186351776123,0.1470927447080612,0.1190918833017349
Qwen/Qwen2.5-7B-Instruct,18,0.4366815686225891,0.1103804558515548,0.1842371523380279
Qwen/Qwen2.5-7B-Instruct,19,0.4697628319263458,0.1966738104820251,0.1369552165269851
Qwen/Qwen2.5-7B-Instruct,20,0.4682626724243164,0.1802433878183365,0.1149068027734756
Qwen/Qwen2.5-7B-Instruct,21,0.4701430797576904,0.1911277025938034,0.093385212123394
Qwen/Qwen2.5-7B-Instruct,22,0.4782597422599792,0.1985062211751938,0.0715796276926994
Qwen/Qwen2.5-7B-Instruct,23,0.4715457856655121,0.184346005320549,0.0522101372480392
Qwen/Qwen2.5-7B-Instruct,24,0.4949703812599182,0.1677199006080627,0.0918411538004875
Qwen/Qwen2.5-7B-Instruct,25,0.4770145416259765,0.1639852225780487,0.1365380883216858
Qwen/Qwen2.5-7B-Instruct,26,0.4820632934570312,0.1791711896657943,0.1614170521497726
Qwen/Qwen2.5-7B-Instruct,27,0.3556428253650665,0.0637079328298568,0.1920340061187744
Qwen/Qwen2.5-Coder-7B-Instruct,0,0.3267683088779449,0.5149924159049988,0.4962953925132751
Qwen/Qwen2.5-Coder-7B-Instruct,1,0.2821315824985504,0.4733501076698303,0.4251492023468017
Qwen/Qwen2.5-Coder-7B-Instruct,2,0.2776042819023132,0.414195567369461,0.4220651984214782
Qwen/Qwen2.5-Coder-7B-Instruct,3,0.4042254686355591,0.3965931236743927,0.4929558932781219
Qwen/Qwen2.5-Coder-7B-Instruct,4,0.4207630157470703,0.3759593665599823,0.4755710363388061
Qwen/Qwen2.5-Coder-7B-Instruct,5,0.4229331612586975,0.4067359864711761,0.4885770082473755
Qwen/Qwen2.5-Coder-7B-Instruct,6,0.4499351382255554,0.3650833964347839,0.4890177845954895
Qwen/Qwen2.5-Coder-7B-Instruct,7,0.5045418739318848,0.4190238416194916,0.5587728023529053
Qwen/Qwen2.5-Coder-7B-Instruct,8,0.5368697047233582,0.4296330213546753,0.5517948865890503
Qwen/Qwen2.5-Coder-7B-Instruct,9,0.5193341374397278,0.3877428472042084,0.5443249344825745
Qwen/Qwen2.5-Coder-7B-Instruct,10,0.5323291420936584,0.4358377754688263,0.5567707419395447
Qwen/Qwen2.5-Coder-7B-Instruct,11,0.5304811000823975,0.388608306646347,0.5564584732055664
Qwen/Qwen2.5-Coder-7B-Instruct,12,0.5610648393630981,0.4065680801868438,0.5402606725692749
Qwen/Qwen2.5-Coder-7B-Instruct,13,0.5919991135597229,0.3887165784835815,0.5010906457901001
Qwen/Qwen2.5-Coder-7B-Instruct,14,0.6008302569389343,0.3433758616447449,0.4383689761161804
Qwen/Qwen2.5-Coder-7B-Instruct,15,0.6121055483818054,0.3463747799396515,0.4365813434123993
Qwen/Qwen2.5-Coder-7B-Instruct,16,0.5957984328269958,0.3292389214038849,0.466090440750122
Qwen/Qwen2.5-Coder-7B-Instruct,17,0.5981906652450562,0.2664126753807068,0.4275612831115722
Qwen/Qwen2.5-Coder-7B-Instruct,18,0.5668370127677917,0.2493899762630462,0.4249964952468872
Qwen/Qwen2.5-Coder-7B-Instruct,19,0.5506362318992615,0.2918851375579834,0.4175654053688049
Qwen/Qwen2.5-Coder-7B-Instruct,20,0.558390736579895,0.2631687223911285,0.3810567855834961
Qwen/Qwen2.5-Coder-7B-Instruct,21,0.547440767288208,0.2435667812824249,0.3503385186195373
Qwen/Qwen2.5-Coder-7B-Instruct,22,0.531363844871521,0.2047280818223953,0.3101537823677063
Qwen/Qwen2.5-Coder-7B-Instruct,23,0.5254597067832947,0.2339654266834259,0.3220177590847015
Qwen/Qwen2.5-Coder-7B-Instruct,24,0.5361919403076172,0.2315704375505447,0.3256158232688904
Qwen/Qwen2.5-Coder-7B-Instruct,25,0.523269772529602,0.2453605532646179,0.3298231959342956
Qwen/Qwen2.5-Coder-7B-Instruct,26,0.4700019359588623,0.2362487316131591,0.3009360730648041
Qwen/Qwen2.5-Coder-7B-Instruct,27,0.4608277380466461,0.246519923210144,0.3746671974658966
meta-llama/Llama-3.1-8B-Instruct,0,,0.2319318503141403,
meta-llama/Llama-3.1-8B-Instruct,1,,0.1895882040262222,
meta-llama/Llama-3.1-8B-Instruct,2,,0.1926380842924118,
meta-llama/Llama-3.1-8B-Instruct,3,,0.2085653245449066,
meta-llama/Llama-3.1-8B-Instruct,4,,0.3078115880489349,
meta-llama/Llama-3.1-8B-Instruct,5,,0.2040129452943802,
meta-llama/Llama-3.1-8B-Instruct,6,,0.2121355980634689,
meta-llama/Llama-3.1-8B-Instruct,7,,0.3347332775592804,
meta-llama/Llama-3.1-8B-Instruct,8,,0.2503606081008911,
meta-llama/Llama-3.1-8B-Instruct,9,,0.1842324584722519,
meta-llama/Llama-3.1-8B-Instruct,10,,0.1690183281898498,
meta-llama/Llama-3.1-8B-Instruct,11,,0.1265622824430465,
meta-llama/Llama-3.1-8B-Instruct,12,,0.156793862581253,
meta-llama/Llama-3.1-8B-Instruct,13,,0.0086238328367471,
meta-llama/Llama-3.1-8B-Instruct,14,,-0.0140334572643041,
meta-llama/Llama-3.1-8B-Instruct,15,,0.1325612664222717,
meta-llama/Llama-3.1-8B-Instruct,16,,0.3093368113040924,
meta-llama/Llama-3.1-8B-Instruct,17,,0.4351220428943634,
meta-llama/Llama-3.1-8B-Instruct,18,,0.509458601474762,
meta-llama/Llama-3.1-8B-Instruct,19,,0.5484796166419983,
meta-llama/Llama-3.1-8B-Instruct,20,,0.5783260464668274,
meta-llama/Llama-3.1-8B-Instruct,21,,0.5772700309753418,
meta-llama/Llama-3.1-8B-Instruct,22,,0.5642670392990112,
meta-llama/Llama-3.1-8B-Instruct,23,,0.5986482501029968,
meta-llama/Llama-3.1-8B-Instruct,24,,0.5889886021614075,
meta-llama/Llama-3.1-8B-Instruct,25,,0.5852422118186951,
meta-llama/Llama-3.1-8B-Instruct,26,,0.5935509204864502,
meta-llama/Llama-3.1-8B-Instruct,27,,0.5685462951660156,
meta-llama/Llama-3.1-8B-Instruct,28,,0.5701591968536377,
meta-llama/Llama-3.1-8B-Instruct,29,,0.5651628971099854,
meta-llama/Llama-3.1-8B-Instruct,30,,0.5614330172538757,
meta-llama/Llama-3.1-8B-Instruct,31,,0.5170992612838745,
codellama/CodeLlama-7b-Instruct-hf,0,0.7495419979095459,0.3509769141674042,0.4922556281089782
codellama/CodeLlama-7b-Instruct-hf,1,0.6548039317131042,0.1814350038766861,0.3993608355522156
codellama/CodeLlama-7b-Instruct-hf,2,0.6094695329666138,0.18009814620018,0.3546116352081299
codellama/CodeLlama-7b-Instruct-hf,3,0.5745185017585754,0.1194749027490615,0.2887760996818542
codellama/CodeLlama-7b-Instruct-hf,4,0.4830454587936401,0.2760990560054779,0.3979302048683166
codellama/CodeLlama-7b-Instruct-hf,5,0.4552475810050964,0.2311794161796569,0.4175608158111572
codellama/CodeLlama-7b-Instruct-hf,6,0.4853148460388183,0.2520269453525543,0.3994481563568115
codellama/CodeLlama-7b-Instruct-hf,7,0.6357998847961426,0.3483187258243561,0.4619995951652527
codellama/CodeLlama-7b-Instruct-hf,8,0.6874189376831055,0.3681127429008484,0.4767517745494842
codellama/CodeLlama-7b-Instruct-hf,9,0.6768910884857178,0.3896898925304413,0.5021948218345642
codellama/CodeLlama-7b-Instruct-hf,10,0.6409233212471008,0.4062437713146209,0.5158330798149109
codellama/CodeLlama-7b-Instruct-hf,11,0.6362563371658325,0.40534707903862,0.5439119338989258
codellama/CodeLlama-7b-Instruct-hf,12,0.6458579301834106,0.3980090320110321,0.5215016603469849
codellama/CodeLlama-7b-Instruct-hf,13,0.620945394039154,0.3600944578647613,0.4683430194854736
codellama/CodeLlama-7b-Instruct-hf,14,0.5914649367332458,0.2825846970081329,0.3711754083633423
codellama/CodeLlama-7b-Instruct-hf,15,0.5656227469444275,0.272581934928894,0.3905017077922821
codellama/CodeLlama-7b-Instruct-hf,16,0.567058801651001,0.2862868905067444,0.3923818469047546
codellama/CodeLlama-7b-Instruct-hf,17,0.5489270687103271,0.2687478065490722,0.3998699486255646
codellama/CodeLlama-7b-Instruct-hf,18,0.536209225654602,0.2654315233230591,0.4032679200172424
codellama/CodeLlama-7b-Instruct-hf,19,0.5653185248374939,0.2576665878295898,0.405369758605957
codellama/CodeLlama-7b-Instruct-hf,20,0.5554393529891968,0.2503834366798401,0.4093238711357116
codellama/CodeLlama-7b-Instruct-hf,21,0.5448764562606812,0.2520994544029236,0.4130217730998993
codellama/CodeLlama-7b-Instruct-hf,22,0.5556253790855408,0.2621670067310333,0.4046695232391357
codellama/CodeLlama-7b-Instruct-hf,23,0.5465478897094727,0.23514224588871,0.3876065015792846
codellama/CodeLlama-7b-Instruct-hf,24,0.5392252206802368,0.2388693690299987,0.4013278782367706
codellama/CodeLlama-7b-Instruct-hf,25,0.5414971709251404,0.2473660260438919,0.39972785115242
codellama/CodeLlama-7b-Instruct-hf,26,0.5330102443695068,0.2517143189907074,0.4042839705944061
codellama/CodeLlama-7b-Instruct-hf,27,0.5569665431976318,0.2719745337963104,0.4074779748916626
codellama/CodeLlama-7b-Instruct-hf,28,0.5781069397926331,0.2742026150226593,0.4152878522872925
codellama/CodeLlama-7b-Instruct-hf,29,0.5903558731079102,0.2722814679145813,0.4173109233379364
codellama/CodeLlama-7b-Instruct-hf,30,0.592846691608429,0.2935082912445068,0.4238248467445373
codellama/CodeLlama-7b-Instruct-hf,31,0.589591920375824,0.3276050686836242,0.4673847258090973
deepseek-ai/DeepSeek-R1-Distill-Qwen-7B,0,0.4101863503456116,-0.0130718555301427,0.1116783916950225
deepseek-ai/DeepSeek-R1-Distill-Qwen-7B,1,0.4199341237545013,0.110242985188961,0.2336481809616089
deepseek-ai/DeepSeek-R1-Distill-Qwen-7B,2,0.4176949262619018,0.1624316424131393,0.4003790616989136
deepseek-ai/DeepSeek-R1-Distill-Qwen-7B,3,0.5288708806037903,0.2357056885957718,0.5689551830291748
deepseek-ai/DeepSeek-R1-Distill-Qwen-7B,4,0.5355449318885803,0.2220644652843475,0.5340641736984253
deepseek-ai/DeepSeek-R1-Distill-Qwen-7B,5,0.5365874171257019,0.2351325154304504,0.4533457458019256
deepseek-ai/DeepSeek-R1-Distill-Qwen-7B,6,0.5860903859138489,0.2077286094427108,0.4070161581039428
deepseek-ai/DeepSeek-R1-Distill-Qwen-7B,7,0.6485673785209656,0.2139073014259338,0.3836403489112854
deepseek-ai/DeepSeek-R1-Distill-Qwen-7B,8,0.6435461640357971,0.2265093624591827,0.3848067820072174
deepseek-ai/DeepSeek-R1-Distill-Qwen-7B,9,0.6628797650337219,0.1341637670993805,0.2525519728660583
deepseek-ai/DeepSeek-R1-Distill-Qwen-7B,10,0.6638246774673462,0.1213391572237014,0.2511251866817474
deepseek-ai/DeepSeek-R1-Distill-Qwen-7B,11,0.6848931312561035,0.0987302362918853,0.2369288355112075
deepseek-ai/DeepSeek-R1-Distill-Qwen-7B,12,0.6689228415489197,0.1141112446784973,0.2474764734506607
deepseek-ai/DeepSeek-R1-Distill-Qwen-7B,13,0.6794857978820801,0.1808144003152847,0.3245149552822113
deepseek-ai/DeepSeek-R1-Distill-Qwen-7B,14,0.6732335090637207,0.1527820378541946,0.2778476476669311
deepseek-ai/DeepSeek-R1-Distill-Qwen-7B,15,0.6457818150520325,0.1530574262142181,0.2677711844444275
deepseek-ai/DeepSeek-R1-Distill-Qwen-7B,16,0.6616654396057129,0.2111115753650665,0.3209405839443207
deepseek-ai/DeepSeek-R1-Distill-Qwen-7B,17,0.6498235464096069,0.1892063021659851,0.3091119229793548
deepseek-ai/DeepSeek-R1-Distill-Qwen-7B,18,0.641782820224762,0.2014113962650299,0.2978894114494324
deepseek-ai/DeepSeek-R1-Distill-Qwen-7B,19,0.6367558240890503,0.2322952151298523,0.3267448544502258
deepseek-ai/DeepSeek-R1-Distill-Qwen-7B,20,0.6380510330200195,0.2269786745309829,0.3393121063709259
deepseek-ai/DeepSeek-R1-Distill-Qwen-7B,21,0.6296519637107849,0.2127051055431366,0.3342432975769043
deepseek-ai/DeepSeek-R1-Distill-Qwen-7B,22,0.5973149538040161,0.1731833964586258,0.3100834786891937
deepseek-ai/DeepSeek-R1-Distill-Qwen-7B,23,0.6073396801948547,0.1528025567531585,0.2795604467391968
deepseek-ai/DeepSeek-R1-Distill-Qwen-7B,24,0.6159669756889343,0.1647688597440719,0.269812673330307
deepseek-ai/DeepSeek-R1-Distill-Qwen-7B,25,0.6058180928230286,0.1399865448474884,0.2191654443740844
deepseek-ai/DeepSeek-R1-Distill-Qwen-7B,26,0.5782465934753418,0.1072175130248069,0.1762720495462417
deepseek-ai/DeepSeek-R1-Distill-Qwen-7B,27,0.3538501560688019,0.1548836827278137,0.0506933033466339
deepseek-ai/deepseek-coder-6.7b-instruct,0,0.6013109683990479,-0.0755352973937988,0.2338971048593521
deepseek-ai/deepseek-coder-6.7b-instruct,1,0.6069124341011047,-0.1173899099230766,0.1070412099361419
deepseek-ai/deepseek-coder-6.7b-instruct,2,0.6020854711532593,0.032489325851202,0.1883125156164169
deepseek-ai/deepseek-coder-6.7b-instruct,3,0.5025753974914551,0.0410881750285625,0.2763044536113739
deepseek-ai/deepseek-coder-6.7b-instruct,4,0.4756793975830078,0.0663796588778495,0.3259268999099731
deepseek-ai/deepseek-coder-6.7b-instruct,5,0.4618842601776123,0.1241302564740181,0.3261887729167938
deepseek-ai/deepseek-coder-6.7b-instruct,6,0.4595884978771209,0.1780247092247009,0.4823399484157562
deepseek-ai/deepseek-coder-6.7b-instruct,7,0.4893273413181305,0.1690667867660522,0.5065937042236328
deepseek-ai/deepseek-coder-6.7b-instruct,8,0.5061541199684143,0.2088091671466827,0.4173469245433807
deepseek-ai/deepseek-coder-6.7b-instruct,9,0.5695324540138245,0.2437503337860107,0.4353845417499542
deepseek-ai/deepseek-coder-6.7b-instruct,10,0.5776159763336182,0.2965717315673828,0.4312052428722381
deepseek-ai/deepseek-coder-6.7b-instruct,11,0.5574532151222229,0.2571272253990173,0.350141704082489
deepseek-ai/deepseek-coder-6.7b-instruct,12,0.5697504878044128,0.2103902399539947,0.3558590412139892
deepseek-ai/deepseek-coder-6.7b-instruct,13,0.5504699945449829,0.1561033427715301,0.3568293750286102
deepseek-ai/deepseek-coder-6.7b-instruct,14,0.5492104291915894,0.1526538431644439,0.3360836207866668
deepseek-ai/deepseek-coder-6.7b-instruct,15,0.5704880356788635,0.1342976540327072,0.3197178244590759
deepseek-ai/deepseek-coder-6.7b-instruct,16,0.6048460006713867,0.1383251994848251,0.3371413946151733
deepseek-ai/deepseek-coder-6.7b-instruct,17,0.6071876287460327,0.1892751455307006,0.3446588516235351
deepseek-ai/deepseek-coder-6.7b-instruct,18,0.6062308549880981,0.228536307811737,0.3492273688316345
deepseek-ai/deepseek-coder-6.7b-instruct,19,0.6067367196083069,0.2138832509517669,0.3195242285728454
deepseek-ai/deepseek-coder-6.7b-instruct,20,0.6290709972381592,0.1693572402000427,0.3045228123664856
deepseek-ai/deepseek-coder-6.7b-instruct,21,0.6226531267166138,0.1044449582695961,0.2372591644525528
deepseek-ai/deepseek-coder-6.7b-instruct,22,0.6301618814468384,0.0788994953036308,0.2329111844301223
deepseek-ai/deepseek-coder-6.7b-instruct,23,0.6545820832252502,0.0503308996558189,0.2012065052986145
deepseek-ai/deepseek-coder-6.7b-instruct,24,0.6585093140602112,0.0597796291112899,0.2065142542123794
deepseek-ai/deepseek-coder-6.7b-instruct,25,0.6470912098884583,0.0697420090436935,0.2158971726894378
deepseek-ai/deepseek-coder-6.7b-instruct,26,0.6479007601737976,0.0728381872177124,0.2108147144317627
deepseek-ai/deepseek-coder-6.7b-instruct,27,0.6332259178161621,0.0880188047885894,0.2159423530101776
deepseek-ai/deepseek-coder-6.7b-instruct,28,0.6268597841262817,0.0859747305512428,0.2039901167154312
deepseek-ai/deepseek-coder-6.7b-instruct,29,0.599085807800293,0.0864026993513107,0.2310260385274887
deepseek-ai/deepseek-coder-6.7b-instruct,30,0.5985230803489685,0.0851412117481231,0.2394589185714721
deepseek-ai/deepseek-coder-6.7b-instruct,31,0.5599119067192078,0.1092377752065658,0.2199754565954208
